OBJECTID;CODIGO;POLARIS;CODIGOS_POLARIS;nombre;CATEGORIA;TECNOLOGIA;ESTADO;FECHA_INSTALACION;altitud;latitud;longitud;DEPARTAMENTO;MUNICIPIO;AREA_OPERATIVA;AREA_HIDROGRAFICA;ZONA_HIDROGRAFICA;observacion;CORRIENTE;FECHA_SUSPENSION;SUBZONA_HIDROGRAFICA;ENTIDAD;subred;Munchique
3;52055150;52055150;45;CERRO PARAMO  - AUT [52055150];Climática Principal;Automática con Telemetría;En Mantenimiento;2005-12-09;3585;0.84311111;-77.38880556;Nariño;Puerres;Area Operativa 07 - Nariño-Putumayo;Pacifico;Patía;Cambio de tecnología por instalación o repotenciación de estaciones proyecto Fondo de Adaptación;0;;Río Guáitara;INSTITUTO DE HIDROLOGIA METEOROLOGIA Y ESTUDIOS AMBIENTALES;Radiación Ultravioleta,Radiación Visible,;191.7151478
4;52055220;52055220;132;EL PARAISO - AUT [52055220];Climática Principal;TEST005;En Mantenimiento;2004-03-01;3120;1.07061111;-77.63688889;Nariño;Túquerres;Area Operativa 07 - Nariño-Putumayo;Pacifico;Patía;;0;;Río Guáitara;INSTITUTO DE HIDROLOGIA METEOROLOGIA Y ESTUDIOS AMBIENTALES;Altiplano Nariñense-Pacifico,Radiación Ultravioleta,Radiación Visible,;177.4350078
5;44037040;44037040;71;EL ROSARIO - AUT [44037040];Limnigráfica;TEST005;En Mantenimiento;1964-08-15;600;1.72525;-75.66638889;Caquetá;Florencia (Caquetá);Area Operativa 04 - Huila-Caquetá;Amazonas;Caquetá;Actualizada Tecnología y Tipo de Transmisión por solicitud del coordinador del AO. (02022023);CarañO;;Río Orteguaza;INSTITUTO DE HIDROLOGIA METEOROLOGIA Y ESTUDIOS AMBIENTALES;;168.2337635
10;52055210;52055210;28;BOTANA - AUT [52055210];Climática Principal;TEST005;En Mantenimiento;2004-03-01;2820;1.16;-77.27880556;Nariño;Pasto;Area Operativa 07 - Nariño-Putumayo;Pacifico;Patía;;0;;Río Juananbú;INSTITUTO DE HIDROLOGIA METEOROLOGIA Y ESTUDIOS AMBIENTALES;Altiplano Nariñense-Pacifico,Radiación Ultravioleta,Radiación Visible,;154.6708527
11;52035040;52035040;234;VIENTO LIBRE - AUT [52035040];Climática Ordinaria;TEST005;En Mantenimiento;2004-03-01;1400;1.62;-77.34;Nariño;Taminango;Area Operativa 07 - Nariño-Putumayo;Pacifico;Patía;Cambio de Caegoria a CO. Sg. Solicitud de AO7 e Informatica  REQ 2020-001745;0;;Río Patia Alto;INSTITUTO DE HIDROLOGIA METEOROLOGIA Y ESTUDIOS AMBIENTALES;Altiplano Nariñense-Pacifico,Radiación Ultravioleta,Radiación Visible,;108.2978195
12;51025060;51025060;25;BIOTOPO - AUT [51025060];Climática Principal;Automática con Telemetría;En Mantenimiento;2005-12-12;512;1.40863889;-78.28161111;Nariño;Barbacoas;Area Operativa 07 - Nariño-Putumayo;Pacifico;Mira;22/08/2022$Migracion$Se Cambia Estado por orden de la Coordinación de Planeacion Operativa Decisión tomada en la Reunión de la RED 19/08/2022;0;;Río Mira;INSTITUTO DE HIDROLOGIA METEOROLOGIA Y ESTUDIOS AMBIENTALES;;192.3256719
13;51039010;51039010;402;TUMACO - AUT [51039010];Mareográfica;TEST005;Activa;1951-09-15;0;1.81930556;-78.73027778;Nariño;Tumaco;Area Operativa 07 - Nariño-Putumayo;Pacifico;Mira;;Pacifico;;Río Rosario;INSTITUTO DE HIDROLOGIA METEOROLOGIA Y ESTUDIOS AMBIENTALES;;212.5848742
15;51027060;51027060;1110;SAN JUAN MIRA - AUT [51027060];Limnigráfica;TEST005;Activa;1980-12-15;2;1.42388889;-78.67027778;Nariño;Tumaco;Area Operativa 07 - Nariño-Putumayo;Pacifico;Mira;Actualizada Tecnología y Tipo de Transmisión por solicitud del coordinador del AO. (14022023);Mira;;Río Mira;INSTITUTO DE HIDROLOGIA METEOROLOGIA Y ESTUDIOS AMBIENTALES;Altiplano Nariñense-Pacifico,RED ALERTAS - AREA OPERATIVA 07,;226.5094475
17;51020011;51020011;1125;Piedrancha - - AUT [51020011];Pluviográfica;Automática con Telemetría;Activa;2016-07-01;1830;1.14152778;-77.92897222;Nariño;Mallama (Piedrancha);Area Operativa 07 - Nariño-Putumayo;Pacifico;Mira;;0;;Río Mira;INSTITUTO DE HIDROLOGIA METEOROLOGIA Y ESTUDIOS AMBIENTALES;;187.2044658
18;44015060;44015060;1;ACUEDUCTO MOCOA - AUT [44015060];Climática Principal;TEST005;En Mantenimiento;2006-03-29;650;1.15733333;-76.65183333;Putumayo;Mocoa;Area Operativa 07 - Nariño-Putumayo;Amazonas;Caquetá;;0;;Alto Caqueta;INSTITUTO DE HIDROLOGIA METEOROLOGIA Y ESTUDIOS AMBIENTALES;Piedemonte Caqueta y Putumayo,Radiación Ultravioleta,Radiación Visible,;154.4129565
19;52045080;52045080;225;UNIVERSIDAD DE NARINO  - AUT [52045080];Climática Ordinaria;TEST005;Activa;2004-04-13;2626;1.23;-77.28;Nariño;Pasto;Area Operativa 07 - Nariño-Putumayo;Pacifico;Patía;"Cambio de tecnología por instalación o repotenciación de estaciones proyecto Fondo de Adaptación.
Cambio de Caegoria a CO. Sg. Solicitud de AO7 e Informatica  REQ 2020-001745";0;;Río Juananbú;INSTITUTO DE HIDROLOGIA METEOROLOGIA Y ESTUDIOS AMBIENTALES;Altiplano Nariñense-Pacifico,Radiación Ultravioleta,Radiación Visible,;147.173524
24;52025090;52025090;195;LA SIERRA - AUT [52025090];Climática Principal;TEST005;En Mantenimiento;2005-09-23;1870;2.19383333;-76.75033333;Cauca;La Sierra;Area Operativa 07 - Nariño-Putumayo;Pacifico;Patía;22/08/2022$Migracion$Se Cambia Estado por orden de la Coordinación de Planeacion Operativa Decisión tomada en la Reunión de la RED 19/08/2022;0;;Río Guachicono;INSTITUTO DE HIDROLOGIA METEOROLOGIA Y ESTUDIOS AMBIENTALES;Altiplano Nariñense-Pacifico,Radiación Ultravioleta,Radiación Visible,;42.5536105
25;21015060;21015060;106;MARENGO  - AUT [21015060];Agrometeorológica;Automática con Telemetría;En Mantenimiento;2005-07-23;1550;2.22111111;-76.11888889;Huila;Pitalito;Area Operativa 04 - Huila-Caquetá;Magdalena Cauca;Alto Magdalena;Actualizado Tipo de Transmision y Estado. (01022023);0;;Río Páez;INSTITUTO DE HIDROLOGIA METEOROLOGIA Y ESTUDIOS AMBIENTALES;Radiación Ultravioleta,Radiación Visible,;98.79662393
26;26015010;26015010;210;EL TABLAZO - AUT [26015010];Climática Principal;Automática con Telemetría;En Mantenimiento;2005-06-28;1837;2.47483306;-76.58129361;Cauca;Popayán;Area Operativa 09 - Cauca-Valle-Caldas;Magdalena Cauca;Cauca;;0;;Alto Río Cauca;INSTITUTO DE HIDROLOGIA METEOROLOGIA Y ESTUDIOS AMBIENTALES;Radiación Ultravioleta,Radiación Visible,;41.96392371
27;52015050;52015050;60;BALBOA - AUT [52015050];Climática Principal;TEST005;En Mantenimiento;2005-09-27;1700;2.03277778;-77.22166667;Cauca;Balboa (Cauca);Area Operativa 07 - Nariño-Putumayo;Pacifico;Patía;EL GRUPO DE AUTOMATIZACIÓN REPORTA QUE LA ESTACIÓN DEJO DE TRANSMITIR EL 16/11/22. ESTACIÓN EN MANTENIMIENTO (06/12/2022);0;;Río Patia Alto;INSTITUTO DE HIDROLOGIA METEOROLOGIA Y ESTUDIOS AMBIENTALES;;61.36812664
28;53075020;53075020;63;EL DIVISO - AUT [53075020];Climática Principal;Automática con Telemetría;En Mantenimiento;2005-09-29;1750;2.31141667;-77.25877778;Cauca;Argelia (Cauca);Area Operativa 07 - Nariño-Putumayo;Pacifico;Tapaje - Dagua - Directos;22/08/2022$Migracion$Se Cambia Estado por orden de la Coordinación de Planeacion Operativa Decisión tomada en la Reunión de la RED 19/08/2022;0;;Río San Juan del Micay;INSTITUTO DE HIDROLOGIA METEOROLOGIA Y ESTUDIOS AMBIENTALES;Radiación Ultravioleta,Radiación Visible,;40.78861422
29;21015040;21015040;151;LA PRIMAVERA - AUT [21015040];Climática Principal;Automática con Telemetría;En Mantenimiento;2005-07-28;1919;2.02158333;-76.11433333;Huila;Saladoblanco;Area Operativa 04 - Huila-Caquetá;Magdalena Cauca;Alto Magdalena;;0;;Ríos Directos al Magdalena (mi);INSTITUTO DE HIDROLOGIA METEOROLOGIA Y ESTUDIOS AMBIENTALES;Radiación Ultravioleta,Radiación Visible,;108.6087002
31;21097070;21097070;1164;PUENTE SANTANDER [21097070];Limnigráfica;TEST005;Activa;1960-09-15;431;2.94261111;-75.30852778;Huila;Neiva;Area Operativa 04 - Huila-Caquetá;Magdalena Cauca;Alto Magdalena;Actualizada Tecnologia y Tipo de Transmision por solicitud del coordinador del AO. (01022023);Magdalena;;Rio Fortalecillas y otros;INSTITUTO DE HIDROLOGIA METEOROLOGIA Y ESTUDIOS AMBIENTALES;Alto Magdalena Huila -Tolima,RED ALERTAS - AREA OPERATIVA 04,;189.2158038
33;21117100;21117100;166;PUEBLO NUEVO - AUT [21117100];Limnigráfica;TEST005;En Mantenimiento;1983-06-15;1280;2.82744444;-75.08883333;Huila;Neiva;Area Operativa 04 - Huila-Caquetá;Magdalena Cauca;Alto Magdalena;Actualizacion de Tecnologia y Tipo de Transmision por solicitud del coordinador del AO. (01022023);Ceibas;;Rio Fortalecillas y otros;INSTITUTO DE HIDROLOGIA METEOROLOGIA Y ESTUDIOS AMBIENTALES;;210.5279471
34;57025020;57025020;1102;GORGONA GUAPI [57025020];Climática Principal;TEST005;Activa;2005-09-18;10;2.96294444;-78.17436111;Cauca;Guapi;Area Operativa 07 - Nariño-Putumayo;Orinoco;Guaviare;;0;;Medio Guaviare;INSTITUTO DE HIDROLOGIA METEOROLOGIA Y ESTUDIOS AMBIENTALES;;144.5184675
55;21055070;21055070;87;INZA - AUT [21055070];Climática Principal;Automática con Telemetría;En Mantenimiento;2005-11-11;1800;2.54819444;-76.06394444;Cauca;Inzá;Area Operativa 04 - Huila-Caquetá;Magdalena Cauca;Alto Magdalena;;0;;Río Páez;INSTITUTO DE HIDROLOGIA METEOROLOGIA Y ESTUDIOS AMBIENTALES;Radiación Ultravioleta,Radiación Visible,;99.33445045
56;26075120;26075120;62;LA DIANA - AUT [26075120];Climática Principal;Automática con Telemetría;En Mantenimiento;2005-06-26;1615;3.31405556;-76.18569444;Valle del Cauca;Florida;Area Operativa 09 - Cauca-Valle-Caldas;Magdalena Cauca;Cauca;;0;;Río Guachal (Bolo - Fraile y Párraga);INSTITUTO DE HIDROLOGIA METEOROLOGIA Y ESTUDIOS AMBIENTALES;Radiación Ultravioleta,Radiación Visible,;122.9365328
58;26095320;26095320;240;EL VINCULO - AUT [26095320];Agrometeorológica;TEST005;En Mantenimiento;2005-06-24;980;3.36041667;-76.30000556;Valle del Cauca;Florida;Area Operativa 09 - Cauca-Valle-Caldas;Magdalena Cauca;Cauca;Por REQ2021-000578 Se hacen ajustes solicitados por la Coordinadora del AO 09.;0;;Río Guachal (Bolo - Fraile y Párraga);INSTITUTO DE HIDROLOGIA METEOROLOGIA Y ESTUDIOS AMBIENTALES;Radiación Ultravioleta,Radiación Visible,;118.4359046
60;54077210;54077210;61;JUANCHACO - AUT [54077210];Mareográfica;Automática con Telemetría;En Mantenimiento;2005-06-23;18;3.92514722;-77.34900556;Valle del Cauca;Buenaventura;Area Operativa 09 - Cauca-Valle-Caldas;Pacifico;San Juán;22/08/2022$Migracion$Se Cambia Estado por orden de la Coordinación de Planeacion Operativa Decisión tomada en la Reunión de la RED 19/08/2022;Oceano Pacifico;;Ríos Calima y  Bajo San Juan;INSTITUTO DE HIDROLOGIA METEOROLOGIA Y ESTUDIOS AMBIENTALES;;161.9343361
62;26055120;26055120;226;UNIVERSIDAD DEL VALLE  - AUT [26055120];Climática Principal;TEST005;En Mantenimiento;2006-11-26;996;3.378;-76.53388889;Valle del Cauca;Cali;Area Operativa 09 - Cauca-Valle-Caldas;Magdalena Cauca;Cauca;Cambio de tecnología por instalación o repotenciación de estaciones proyecto Fondo de Adaptación;0;;Ríos Lilí, Melendez y Canaveralejo;INSTITUTO DE HIDROLOGIA METEOROLOGIA Y ESTUDIOS AMBIENTALES;Radiación Ultravioleta,Radiación Visible,;106.1828985
63;21167080;21167080;114;LA MORA - AUT [21167080];Limnigráfica;TEST005;En Mantenimiento;1990-10-15;464;3.72519444;-74.82644444;Tolima;Prado;Area Operativa 10 - Tolima;Magdalena Cauca;Alto Magdalena;22/08/2022$Migracion$Se Cambia Estado por orden de la Coordinación de Planeacion Operativa Decisión tomada en la Reunión de la RED 19/08/2022;Negro;;Río Prado;INSTITUTO DE HIDROLOGIA METEOROLOGIA Y ESTUDIOS AMBIENTALES;Alto Magdalena Huila -Tolima,RED ALERTAS - AREA OPERATIVA 10,;271.8721867
64;26085160;26085160;197;SILOE - AUT [26085160];Climática Principal;Automática con Telemetría;En Mantenimiento;2005-06-28;1238;3.4255;-76.56061111;Valle del Cauca;Cali;Area Operativa 09 - Cauca-Valle-Caldas;Magdalena Cauca;Cauca;22/08/2022$Migracion$Se Cambia Estado por orden de la Coordinación de Planeacion Operativa Decisión tomada en la Reunión de la RED 19/08/2022;0;;Ríos Lilí, Melendez y Canaveralejo;INSTITUTO DE HIDROLOGIA METEOROLOGIA Y ESTUDIOS AMBIENTALES;Radiación Ultravioleta,Radiación Visible,;109.6998917
65;22075050;22075050;131;PARAMO DE YERBABUENA  - AUT [22075050];Climática Principal;TEST005;En Mantenimiento;2007-09-30;3394;4.07580556;-75.70083333;Tolima;Roncesvalles;Area Operativa 10 - Tolima;Magdalena Cauca;Saldaña;Cambio de tecnología por instalación o repotenciación de estaciones proyecto Fondo de Adaptación|22/08/2022$Migracion$Se Cambia Estado por orden de la Coordinación de Planeacion Operativa Decisión tomada en la Reunión de la RED 19/08/2022;0;;Rïo Cucuana;INSTITUTO DE HIDROLOGIA METEOROLOGIA Y ESTUDIOS AMBIENTALES;;221.8438829
66;21185090;21185090;116;NATAIMA - AUT [21185090];Agrometeorológica;TEST005;En Mantenimiento;2005-10-16;393;4.18813889;-74.96047222;Tolima;Espinal;Area Operativa 10 - Tolima;Magdalena Cauca;Alto Magdalena;;0;;Río Luisa y otros directos al Magdalena;INSTITUTO DE HIDROLOGIA METEOROLOGIA Y ESTUDIOS AMBIENTALES;Radiación Ultravioleta,Radiación Visible,;288.7366303
68;53119010;53119010;32;BUENAVENTURA IDEAM  - AUT [53119010];Mareográfica;TEST005;En Mantenimiento;1941-05-15;40;3.890175;-77.06190833;Valle del Cauca;Buenaventura;Area Operativa 09 - Cauca-Valle-Caldas;Pacifico;Tapaje - Dagua - Directos;Cambio de tecnología por instalación o repotenciación de estaciones proyecto Fondo de Adaptación|22/08/2022$Migracion$Se Cambia Estado por orden de la Coordinación de Planeacion Operativa Decisión tomada en la Reunión de la RED 19/08/2022;Pacifico;;Dagua - Buenaventura - Bahia Málaga;INSTITUTO DE HIDROLOGIA METEOROLOGIA Y ESTUDIOS AMBIENTALES;;152.4567109
71;21215190;21215190;37;CAJAMARCA - AUT [21215190];Climática Principal;Automática con Telemetría;En Mantenimiento;2005-12-10;2530;4.43566667;-75.50036111;Tolima;Cajamarca;Area Operativa 10 - Tolima;Magdalena Cauca;Alto Magdalena;;0;;Río Coello;INSTITUTO DE HIDROLOGIA METEOROLOGIA Y ESTUDIOS AMBIENTALES;Radiación Ultravioleta,Radiación Visible,;266.899577
72;22057010;22057010;140;PIEDRAS DE COBRE  - AUT [22057010];Limnigráfica;TEST005;En Mantenimiento;1959-09-15;3452;3.90838889;-75.10327778;Tolima;Saldaña;Area Operativa 10 - Tolima;Magdalena Cauca;Saldaña;Cambio de tecnología por instalación o repotenciación de estaciones proyecto Fondo de Adaptación;Saldana;;Bajo Saldaña;INSTITUTO DE HIDROLOGIA METEOROLOGIA Y ESTUDIOS AMBIENTALES;;257.1260077
73;21217180;21217180;1117;MONTEZUMA [21217180];Limnigráfica;TEST005;En Mantenimiento;1973-12-15;1450;4.48205556;-75.28605556;Tolima;Ibagué;Area Operativa 10 - Tolima;Magdalena Cauca;Alto Magdalena;Actualizados Tecnologia. Tipo de Transmision y Estado por solicitud del coordinador del AO. (16032023);Combeima;;Río Coello;INSTITUTO DE HIDROLOGIA METEOROLOGIA Y ESTUDIOS AMBIENTALES;Alto Magdalena Huila -Tolima,RED ALERTAS - AREA OPERATIVA 10,;285.8404749
76;21137050;21137050;10;ANGOSTURA  - AUT [21137050];Limnigráfica;TEST005;En Mantenimiento;1975-01-15;345;3.44;-75.12;Tolima;Natagaima;Area Operativa 04 - Huila-Caquetá;Magdalena Cauca;Alto Magdalena;Actualizada Tecnologia y Tipo de Transmision por solicitud del coordinador del AO. (01022023);Magdalena;;Directos Magdalena entre ríos Cabrera y Sumapaz;INSTITUTO DE HIDROLOGIA METEOROLOGIA Y ESTUDIOS AMBIENTALES;;228.2740544
78;21215180;21215180;23;BATALLON ROOKE  - AUT [21215180];Climática Principal;Automática con Telemetría;En Mantenimiento;2005-12-10;1323;4.41838889;-75.24866667;Tolima;Ibagué;Area Operativa 10 - Tolima;Magdalena Cauca;Alto Magdalena;Cambio de tecnología por instalación o repotenciación de estaciones proyecto Fondo de Adaptación;0;;Río Coello;INSTITUTO DE HIDROLOGIA METEOROLOGIA Y ESTUDIOS AMBIENTALES;Radiación Ultravioleta,Radiación Visible,;283.2888391
79;26127040;26127040;1109;CARTAGO [26127040];Limnigráfica;TEST005;Activa;1945-01-15;937;4.75761111;-75.89925;RIsaralda;Pereira;Area Operativa 09 - Cauca-Valle-Caldas;Magdalena Cauca;Cauca;;La Vieja;;Río La Vieja;INSTITUTO DE HIDROLOGIA METEOROLOGIA Y ESTUDIOS AMBIENTALES;RED ALERTAS - AREA OPERATIVA 09,;274.3413936
80;21215160;21215160;33;CERROS NOROCCIDENTALES  - AUT [21215160];Climática Principal;Automática con Telemetría;En Mantenimiento;2005-10-18;1946;4.47036111;-75.24386111;Tolima;Ibagué;Area Operativa 10 - Tolima;Magdalena Cauca;Alto Magdalena;Cambio de tecnología por instalación o repotenciación de estaciones proyecto Fondo de Adaptación;0;;Río Coello;INSTITUTO DE HIDROLOGIA METEOROLOGIA Y ESTUDIOS AMBIENTALES;Radiación Ultravioleta,Radiación Visible,;287.9327145
81;26105250;26105250;246;ZARAGOZA - AUT [26105250];Agrometeorológica;Automática con Telemetría;En Mantenimiento;2005-06-30;943;4.68977778;-75.92519444;Valle del Cauca;Cartago;Area Operativa 09 - Cauca-Valle-Caldas;Magdalena Cauca;Cauca;;0;;Rios Las Cañas - Los Micos y Obando;INSTITUTO DE HIDROLOGIA METEOROLOGIA Y ESTUDIOS AMBIENTALES;Radiación Ultravioleta,Radiación Visible,;266.3267019
82;26127010;26127010;1112;EL ALAMBRADO [26127010];Limnigráfica;TEST005;En Mantenimiento;1953-01-15;1051;4.41025;-75.87538889;Quindío;La Tebaida;Area Operativa 09 - Cauca-Valle-Caldas;Magdalena Cauca;Cauca;"EL GRUPO DE AUTOMATIZACION REPORTA QUE LA ESTACION DEJO DE TRANSMITIR EL 19/11/22 BATERIA 11.2 SIN DATO DE NIVEL. ESTACION EN MANTENIMIENTO (07/12/2022)
Actualizada Tecnologia y Tipo de Transmision por solicitud del coordinador del AO. (14032023)";La Vieja;;Río La Vieja;INSTITUTO DE HIDROLOGIA METEOROLOGIA Y ESTUDIOS AMBIENTALES;RED ALERTAS - AREA OPERATIVA 09,;241.4780653
83;26135300;26135300;149;PNN QUIMBAYA - AUT [26135300];Agrometeorológica;Automática con Telemetría;En Mantenimiento;2004-07-14;1881;4.72858306;-75.57822222;RIsaralda;Pereira;Area Operativa 09 - Cauca-Valle-Caldas;Magdalena Cauca;Cauca;Por REQ2021-000578 Se hacen ajustes solicitados por la Coordinadora del AO 09.;0;;Río Otún y otros directos al Cauca;INSTITUTO DE HIDROLOGIA METEOROLOGIA Y ESTUDIOS AMBIENTALES;Radiación Ultravioleta,Radiación Visible,;288.6473557
84;26125300;26125300;38;CALARCA - AUT [26125300];Climática Principal;Automática con Telemetría;En Mantenimiento;2004-10-04;2255;4.52830556;-75.59638889;Quindío;Calarcá;Area Operativa 09 - Cauca-Valle-Caldas;Magdalena Cauca;Cauca;;0;;Río La Vieja;INSTITUTO DE HIDROLOGIA METEOROLOGIA Y ESTUDIOS AMBIENTALES;Radiación Ultravioleta,Radiación Visible,;268.9873599
92;26177030;26177030;1115;LA VIRGINIA - AUT [26177030];Limnigráfica;TEST005;Activa;1946-10-15;922;4.8925;-75.88269444;RIsaralda;La Virginia;Area Operativa 09 - Cauca-Valle-Caldas;Magdalena Cauca;Cauca;Por REQ2021-000578 Se hacen ajustes solicitados por la Coordinadora del AO 09.;Cauca;;Río Otún y otros directos al Cauca;INSTITUTO DE HIDROLOGIA METEOROLOGIA Y ESTUDIOS AMBIENTALES;RED ALERTAS - AREA OPERATIVA 09,;288.6551387
93;26135290;26135290;107;MARSELLA - AUT [26135290];Agrometeorológica;Automática con Telemetría;Suspendida;2005-06-19;1659;4.92958333;-75.73838889;RIsaralda;Marsella;Area Operativa 09 - Cauca-Valle-Caldas;Magdalena Cauca;Cauca;EL GRUPO DE AUTOMATIZACIÓN REPORTA ESTACIÓN RETIRADA POR SOLICITUD DEL PREDIO. ESTACIÓN SUSPENDIDA (12/12/2022);0;;Río Otún y otros directos al Cauca;INSTITUTO DE HIDROLOGIA METEOROLOGIA Y ESTUDIOS AMBIENTALES;Radiación Ultravioleta,Radiación Visible,;299.281097
94;26125290;26125290;15;ARMENIA - AUT [26125290];Climática Principal;TEST005;Suspendida;2004-09-29;1485;4.53158333;-75.69069444;Quindío;Armenia (Quindío);Area Operativa 09 - Cauca-Valle-Caldas;Magdalena Cauca;Cauca;EL GRUPO DE AUTOMATIZACIÓN INFORMA QUE LA ESTACIÓN FUE RETIRADA EL COLEGIO SOLICITO EL PREDIO. FUNCIONÓ HASTA 13/12/2017, . ESTACIÓN SUSPENDIDA (12/12/2022);0;;Río La Vieja;INSTITUTO DE HIDROLOGIA METEOROLOGIA Y ESTUDIOS AMBIENTALES;Radiación Ultravioleta,Radiación Visible,;263.555698
565;21167060;21167060;185;SAN PABLO TOLIMA  - AUT [21167060];Limnigráfica;TEST005;En Mantenimiento;1971-04-15;744;3.92666667;-74.65694444;Tolima;Cunday;Area Operativa 10 - Tolima;Magdalena Cauca;Alto Magdalena;Cambio de tecnología por instalación o repotenciación de estaciones proyecto Fondo de Adaptación;Cuinde;;Río Prado;INSTITUTO DE HIDROLOGIA METEOROLOGIA Y ESTUDIOS AMBIENTALES;Alto Magdalena Huila -Tolima,RED ALERTAS - AREA OPERATIVA 10,;299.3727048
888;22055020;22055020;2118;MESA DE POLE [22055020];Climática Ordinaria;Convencional;Activa;1968-03-15;699;3.45577778;-75.53636111;Tolima;Ataco;Area Operativa 10 - Tolima;Magdalena Cauca;Saldaña;;Quebrada Mucuya;;Medio Saldaña;INSTITUTO DE HIDROLOGIA METEOROLOGIA Y ESTUDIOS AMBIENTALES;Alto Magdalena Huila -Tolima,RED ALERTAS - AREA OPERATIVA 10,;188.9718006
911;26125061;26125061;1987;AEROPUERTO EL EDEN - - AUT [26125061];Sinóptica Principal;TEST005;Activa;2016-07-15;1229;4.45472222;-75.76638889;Quindío;Armenia (Quindío);Area Operativa 09 - Cauca-Valle-Caldas;Magdalena Cauca;Cauca;;0;;Río La Vieja;INSTITUTO DE HIDROLOGIA METEOROLOGIA Y ESTUDIOS AMBIENTALES;Colombia,Radiación Ultravioleta,Radiación Visible,;251.8942854
949;26015040;26015040;16;ARRAYANALES - AUT [26015040];Climática Principal;TEST005;En Mantenimiento;2010-05-24;2552;2.44804111;-76.43574694;Cauca;Popayán;Area Operativa 09 - Cauca-Valle-Caldas;Magdalena Cauca;Cauca;Actualizada Tecnologia y Tipo de Transmision solicitado por el coordinador del AO (13032023);0;;Alto Río Cauca;INSTITUTO DE HIDROLOGIA METEOROLOGIA Y ESTUDIOS AMBIENTALES;Radiación Ultravioleta,Radiación Visible,;58.41148434
974;52047020;52047020;95;PUENTE JUANAMBU  - AUT [52047020];Limnigráfica;TEST005;En Mantenimiento;1980-09-15;760;1.51747222;-77.31033333;Nariño;Taminango;Area Operativa 07 - Nariño-Putumayo;Pacifico;Patía;Cambio de tecnología por instalación o repotenciación de estaciones proyecto Fondo de Adaptación;Juanambu;;Río Juananbú;INSTITUTO DE HIDROLOGIA METEOROLOGIA Y ESTUDIOS AMBIENTALES;;117.6610203
976;26027200;26027200;400;PUENTE CARRETERA  - AUT [26027200] ;Limnimétrica;TEST005;Activa;1969-10-14;1744;2.53675;-76.55844444;Cauca;Popayán;Area Operativa 09 - Cauca-Valle-Caldas;Magdalena Cauca;Cauca;Por REQ2021-000578 Se hacen ajustes solicitados por la Coordinadora del AO 09.|25/08/2022$Migracion$Se Cambia Estado por orden de la Coordinación de Planeacion Operativa Decisión tomada en la Reunión de la RED 19/08/2022;Palace;;Río Palacé;INSTITUTO DE HIDROLOGIA METEOROLOGIA Y ESTUDIOS AMBIENTALES;;44.28470028
978;21135020;21135020;2111;JABALCON [21135020];Climática Ordinaria;Convencional;Activa;1963-05-15;332;3.85583333;-75.01572222;Tolima;Saldaña;Area Operativa 10 - Tolima;Magdalena Cauca;Alto Magdalena;;Orotoy;;Río Aipe, Río Chenche y otros directos al Magdalena;INSTITUTO DE HIDROLOGIA METEOROLOGIA Y ESTUDIOS AMBIENTALES;Alto Magdalena Huila -Tolima,RED ALERTAS - AREA OPERATIVA 10,;261.6536694
1028;21050090;21050090;287;NATAGA  - AUT [21050090];Pluviométrica;TEST005;En Mantenimiento;1971-04-15;1545;2.55144444;-75.8065;Huila;Nátaga;Area Operativa 04 - Huila-Caquetá;Magdalena Cauca;Alto Magdalena;Actualizada Tecnologia y Tipo de Transmision por solicitud del coordinador del AO. (01022023);0;;Río Páez;INSTITUTO DE HIDROLOGIA METEOROLOGIA Y ESTUDIOS AMBIENTALES;Alto Magdalena Huila -Tolima,RED ALERTAS - AREA OPERATIVA 04,;127.9771708
1030;21107020;21107020;156;PUENTE MULAS [21107020];Limnimétrica;Convencional;Activa;1967-04-15;740;2.56638889;-75.37427778;Huila;Campoalegre;Area Operativa 04 - Huila-Caquetá;Magdalena Cauca;Alto Magdalena;Actualizada Tecnologia (Convencional) y Tipo de Transmision (N/A) por solicitud del coordinador del AO La Estacion ha sido objeto de bandalismo en varias oportunidades . Se acordo el retiro del componente automatico (19042023);Neiva;;Rio Neiva;INSTITUTO DE HIDROLOGIA METEOROLOGIA Y ESTUDIOS AMBIENTALES;;176.0830827
1054;22065040;22065040;2119;SAN ANTONIO QUINTA [22065040];Climática Principal;Convencional;Activa;1971-12-15;1448;3.90691667;-75.48808333;Tolima;San Antonio;Area Operativa 10 - Tolima;Magdalena Cauca;Saldaña;;Guayabero;;Río Tetuán, Río Ortega;INSTITUTO DE HIDROLOGIA METEOROLOGIA Y ESTUDIOS AMBIENTALES;Alto Magdalena Huila -Tolima,RED ALERTAS - AREA OPERATIVA 10,;224.2298011
1114;26147140;26147140;384;PUENTE NEGRO  - AUT [26147140];Limnigráfica;TEST005;Activa;1975-05-15;947;4.98794444;-75.85891667;Caldas;Belalcazar;Area Operativa 09 - Cauca-Valle-Caldas;Magdalena Cauca;Cauca;Cambio de tecnología por instalación o repotenciación de estaciones proyecto Fondo de Adaptación;Risaralda;;Río Risaralda;INSTITUTO DE HIDROLOGIA METEOROLOGIA Y ESTUDIOS AMBIENTALES;RED ALERTAS - AREA OPERATIVA 09,;299.3681907
1151;21185030;21185030;2113;GUAMO [21185030];Climática Principal;Convencional;Activa;1953-12-15;332;4.00883333;-74.98138889;Tolima;Guamo;Area Operativa 10 - Tolima;Magdalena Cauca;Saldaña;"
Corrección de altitud por error en migración";0;;Bajo Saldaña;INSTITUTO DE HIDROLOGIA METEOROLOGIA Y ESTUDIOS AMBIENTALES;Alto Magdalena Huila -Tolima,Radiación Ultravioleta,Radiación Visible,;274.6158216
1274;26057030;26057030;1118;POTRERITO [26057030];Limnigráfica;TEST005;En Mantenimiento;1946-01-15;1025;3.18536111;-76.56930556;Valle del Cauca;Jamundí;Area Operativa 09 - Cauca-Valle-Caldas;Magdalena Cauca;Cauca;EL GRUPO DE AUTOMATIZACION REPORTA QUE LA ESTACION DEJO DE TRANSMITIR EL 7/9/22. ESTACION EN MANTENIMIENTO (07/12/2022);Jamundi;;Ríos Claro y Jamundí;INSTITUTO DE HIDROLOGIA METEOROLOGIA Y ESTUDIOS AMBIENTALES;;85.51495509
1275;21130050;21130050;2110;PEREZ HACIENDA [21130050];Pluviométrica;TEST005;Activa;1966-07-15;450;3.24355556;-75.25594444;Huila;Aipe;Area Operativa 04 - Huila-Caquetá;Magdalena Cauca;Alto Magdalena;Actualizada Tecnologia y Tipo de Transmision por solicitud de la coordinadora del AO. (17032023);0;;Río Aipe, Río Chenche y otros directos al Magdalena;INSTITUTO DE HIDROLOGIA METEOROLOGIA Y ESTUDIOS AMBIENTALES;;205.4501997
1431;21095010;21095010;2105;JUNCAL EL [21095010];Climática Ordinaria;TEST005;Activa;1965-11-15;460;2.82880556;-75.33116667;Huila;Palermo;Area Operativa 04 - Huila-Caquetá;Magdalena Cauca;Alto Magdalena;Actualizada Tecnologia y Tipo de Transmision por solicitud de la coordinadora del AO. (17032023);0;;Juncal y otros Rios directos al Magdalena;INSTITUTO DE HIDROLOGIA METEOROLOGIA Y ESTUDIOS AMBIENTALES;;184.0220409
1437;22070030;22070030;2120;SANTA HELENA [22070030];Pluviométrica;Convencional;Activa;1975-03-15;2606;4.12455556;-75.49952778;Tolima;Roncesvalles;Area Operativa 10 - Tolima;Magdalena Cauca;Saldaña;;Orinoco;;Rïo Cucuana;INSTITUTO DE HIDROLOGIA METEOROLOGIA Y ESTUDIOS AMBIENTALES;;240.50934
1468;22020020;22020020;2117;PENA RICA [22020020];Pluviométrica;Convencional;Activa;1973-12-15;1793;3.04505556;-75.76177778;Tolima;Planadas;Area Operativa 10 - Tolima;Magdalena Cauca;Saldaña;;Quinamayo;;Río Atá;INSTITUTO DE HIDROLOGIA METEOROLOGIA Y ESTUDIOS AMBIENTALES;;145.1188408
1503;54037050;54037050;1651;SIPI - AUT  [54037050];Limnigráfica;Automática con Telemetría;En Mantenimiento;2017-12-29;43;4.69;-76.74;Chocó;Sipí;Area Operativa 09 - Cauca-Valle-Caldas;Pacifico;San Juán;Requerimiento REQ 2021-002182 Solicitado Coordinadora AO 09.|25/08/2022$Migracion$Se Cambia Estado por orden de la Coordinación de Planeacion Operativa Decisión tomada en la Reunión de la RED 19/08/2022;San Juan;;Río Sipí;INSTITUTO DE HIDROLOGIA METEOROLOGIA Y ESTUDIOS AMBIENTALES;;241.7357407
1561;21160260;21160260;164;PUERTO LLERAS TOLIMA  - AUT [21160260];Pluviográfica;Automática con Telemetría;En Mantenimiento;1996-05-16;1209;3.83977778;-74.68830556;Tolima;Villarrica;Area Operativa 10 - Tolima;Magdalena Cauca;Alto Magdalena;Cambio de tecnología por instalación o repotenciación de estaciones proyecto Fondo de Adaptación;0;;Río Prado;INSTITUTO DE HIDROLOGIA METEOROLOGIA Y ESTUDIOS AMBIENTALES;;291.4743402
1660;21185080;21185080;2114;VALLE DE SAN JUAN [21185080];Climática Ordinaria;Convencional;Activa;1986-11-15;591;4.21645833;-75.10461111;Tolima;Valle De San Juan;Area Operativa 10 - Tolima;Magdalena Cauca;Alto Magdalena;Orfeo de autorización 2125500032;0;;Río Luisa y otros directos al Magdalena;INSTITUTO DE HIDROLOGIA METEOROLOGIA Y ESTUDIOS AMBIENTALES;Alto Magdalena Huila -Tolima,RED ALERTAS - AREA OPERATIVA 10,;278.7298414
1721;26015050;26015050;180;PALETARA  - AUT [26015050];Climática Principal;Automática con Telemetría;En Mantenimiento;2011-12-20;3009;2.19172222;-76.48202778;Cauca;Puracé (Coconuco);Area Operativa 09 - Cauca-Valle-Caldas;Magdalena Cauca;Cauca;Por REQ2021-000578 Se hacen ajustes solicitados por la Coordinadora del AO 09.;0;;Alto Río Cauca;INSTITUTO DE HIDROLOGIA METEOROLOGIA Y ESTUDIOS AMBIENTALES;;63.92722445
1824;21187030;21187030;432;CUCUNUBA  - AUT [21187030];Limnigráfica;TEST005;En Mantenimiento;1968-01-15;589;4.23205556;-75.09272222;Tolima;Valle De San Juan;Area Operativa 10 - Tolima;Magdalena Cauca;Alto Magdalena;Cambio de tecnología por instalación o repotenciación de estaciones proyecto Fondo de Adaptación|25/08/2022$Migracion$Se Cambia Estado por orden de la Coordinación de Planeacion Operativa Decisión tomada en la Reunión de la RED 19/08/2022;Luisa;;Río Luisa y otros directos al Magdalena;INSTITUTO DE HIDROLOGIA METEOROLOGIA Y ESTUDIOS AMBIENTALES;;280.8673842
1841;21147010;21147010;290;SAN ALFONSO  - AUT [21147010];Limnimétrica;TEST005;En Mantenimiento;1963-11-15;420;3.3705;-75.11416667;Huila;Villavieja;Area Operativa 04 - Huila-Caquetá;Magdalena Cauca;Alto Magdalena;"Actualizada Tecnologia y Tipo de Transmision por solicitud del coordinador del AO. (01022023)
Actualizada Categoria de LG a LM por solicitud de la Coordinadora del AO. (07032023)";Cabrera;;Río Cabrera;INSTITUTO DE HIDROLOGIA METEOROLOGIA Y ESTUDIOS AMBIENTALES;;225.5367484
2035;26055100;26055100;68;FARALLONES - AUT [26055100];Climática Principal;Automática con Telemetría;En Mantenimiento;2005-06-28;2275;3.41605556;-76.6515;Valle del Cauca;Cali;Area Operativa 09 - Cauca-Valle-Caldas;Magdalena Cauca;Cauca;Por REQ2021-000578 Se hacen ajustes solicitados por la Coordinadora del AO 09.;0;;Ríos Cali;INSTITUTO DE HIDROLOGIA METEOROLOGIA Y ESTUDIOS AMBIENTALES;;105.0646112
2044;21065040;21065040;2104;ZULUAGA [21065040];Climática Ordinaria;TEST005;Activa;1971-06-15;1270;2.2525;-75.52944444;Huila;Garzón;Area Operativa 04 - Huila-Caquetá;Magdalena Cauca;Alto Magdalena;Actualizada Tecnologia y Tipo de Transmision por solicitud de la coordinadora del AO. (17032023);0;;Ríos directos Magdalena (md);INSTITUTO DE HIDROLOGIA METEOROLOGIA Y ESTUDIOS AMBIENTALES;Alto Magdalena Huila -Tolima,RED ALERTAS - AREA OPERATIVA 04,;161.455124
2046;26055110;26055110;85;LA INDEPENDENCIA - AUT [26055110];Agrometeorológica;TEST005;En Mantenimiento;2005-06-28;1004;3.18536111;-76.56930556;Valle del Cauca;Jamundí;Area Operativa 09 - Cauca-Valle-Caldas;Magdalena Cauca;Cauca;Por REQ2021-000578 Se hacen ajustes solicitados por la Coordinadora del AO 09.;0;;Ríos Claro y Jamundí;INSTITUTO DE HIDROLOGIA METEOROLOGIA Y ESTUDIOS AMBIENTALES;Radiación Ultravioleta,Radiación Visible,;85.51495509
2182;21025030;21025030;2100;ALTAMIRA EL GRIFO [21025030];Climática Ordinaria;TEST005;Activa;1995-12-01;1368;2.07916667;-75.73622222;Huila;Altamira;Area Operativa 04 - Huila-Caquetá;Magdalena Cauca;Alto Magdalena;Actualizada Tecnologia y Tipo de Transmision por solicitud de la Coordinadora del AO. (17032023) ;0;;Río Timaná y otros directos al Magdalena;INSTITUTO DE HIDROLOGIA METEOROLOGIA Y ESTUDIOS AMBIENTALES;Alto Magdalena Huila -Tolima,RED ALERTAS - AREA OPERATIVA 04,;144.1869645
2195;52017030;52017030;232;LA FONDA - AUT [52017030];Limnigráfica;TEST005;En Mantenimiento;1974-06-15;700;2.14777778;-77.04666667;Cauca;Patía (El Bordo);Area Operativa 07 - Nariño-Putumayo;Pacifico;Patía;Cambio de tecnología por instalación o repotenciación de estaciones proyecto Fondo de Adaptación;Patia;;Río Patia Alto;INSTITUTO DE HIDROLOGIA METEOROLOGIA Y ESTUDIOS AMBIENTALES;;42.22747323
2267;47017160;47017160;1149;PUENTE TEXAS [47017160];Limnigráfica;TEST005;En Mantenimiento;1981-06-15;250;0.58269444;-76.57694444;Putumayo;Puerto Asís;Area Operativa 07 - Nariño-Putumayo;Amazonas;Putumayo;EL GRUPO DE AUTOMATIZACIÓN REPORTA QUE SE DEBE CAMBAR BATERÍA. ESTACIÓN EN MANTENIMIENTO (06/12/2022);Putumayo;;Alto Río Putumayo;INSTITUTO DE HIDROLOGIA METEOROLOGIA Y ESTUDIOS AMBIENTALES;Piedemonte Caqueta y Putumayo,RED ALERTAS - AREA OPERATIVA 07,;218.3939075
2340;26075150;26075150;1984;AEROPUERTO A. BONILLA - AUT [26075150];Sinóptica Principal;Automática con Telemetría;En Mantenimiento;2005-09-26;961;3.53299167;-76.3825;Valle del Cauca;Palmira;Area Operativa 09 - Cauca-Valle-Caldas;Magdalena Cauca;Cauca;Por REQ2021-000578 Se hacen ajustes solicitados por la Coordinadora del AO 09.|25/08/2022$Migracion$Se Cambia Estado por orden de la Coordinación de Planeacion Operativa Decisión tomada en la Reunión de la RED 19/08/2022;0;;Ríos Amaime y Cerrito;INSTITUTO DE HIDROLOGIA METEOROLOGIA Y ESTUDIOS AMBIENTALES;Radiación Ultravioleta,Radiación Visible,;129.234023
3234;26125710;26125710;1995;AEROPUERTO MATECANA [26125710];Sinóptica Principal;TEST005;En Mantenimiento;2014-09-12;1342;4.812675;-75.73951944;RIsaralda;Pereira;Area Operativa 09 - Cauca-Valle-Caldas;Magdalena Cauca;Cauca;EL GRUPO DE AUTOMATIZACION REPORTA QUE LA ESTACION DEJO DE TRANSMITIR EL 9/11/22. ESTACION EN MANTENIMIENTO (07/12/2022);0;;Río La Vieja;INSTITUTO DE HIDROLOGIA METEOROLOGIA Y ESTUDIOS AMBIENTALES;Radiación Ultravioleta,Radiación Visible,;287.7449616
3320;52057050;52057050;457;SAN PEDRO  - AUT [52057050];Limnigráfica;TEST005;Activa;1980-02-15;850;1.383;-77.48227778;Nariño;Linares;Area Operativa 07 - Nariño-Putumayo;Pacifico;Patía;Cambio de tecnología por instalación o repotenciación de estaciones proyecto Fondo de Adaptación;Guaitara;;Río Guáitara;INSTITUTO DE HIDROLOGIA METEOROLOGIA Y ESTUDIOS AMBIENTALES;;138.7608324
3354;52050090;52050090;1165;IMUES [52050090];Climática Principal;Automática con Telemetría;Activa;1957-01-15;2550;1.05525;-77.49955556;Nariño;Imués;Area Operativa 07 - Nariño-Putumayo;Pacifico;Patía;;0;;Río Guáitara;INSTITUTO DE HIDROLOGIA METEOROLOGIA Y ESTUDIOS AMBIENTALES;Altiplano Nariñense-Pacifico,RED ALERTAS - AREA OPERATIVA 07,;173.0177382
3357;52050080;52050080;1167;TANGUA [52050080];Climática Principal;Automática con Telemetría;Activa;1957-01-15;2420;1.09416667;-77.39197222;Nariño;Tangua;Area Operativa 07 - Nariño-Putumayo;Pacifico;Patía;;0;;Río Guáitara;INSTITUTO DE HIDROLOGIA METEOROLOGIA Y ESTUDIOS AMBIENTALES;Altiplano Nariñense-Pacifico,RED ALERTAS - AREA OPERATIVA 07,;165.0513343
3358;52050060;52050060;1166;RIO BOBO [52050060];Climática Principal;Automática con Telemetría;Activa;1965-01-15;364;1.0995;-77.29972222;Nariño;Pasto;Area Operativa 07 - Nariño-Putumayo;Pacifico;Patía;;0;;Río Guáitara;INSTITUTO DE HIDROLOGIA METEOROLOGIA Y ESTUDIOS AMBIENTALES;Altiplano Nariñense-Pacifico,RED ALERTAS - AREA OPERATIVA 07,;161.73519
3359;52055090;52055090;1168;SINDAGUA [52055090];Climática Principal;Automática con Telemetría;Activa;1987-07-15;2800;1.10758333;-77.38936111;Nariño;Tangua;Area Operativa 07 - Nariño-Putumayo;Pacifico;Patía;;0;;Río Guáitara;INSTITUTO DE HIDROLOGIA METEOROLOGIA Y ESTUDIOS AMBIENTALES;Altiplano Nariñense-Pacifico,RED ALERTAS - AREA OPERATIVA 07,;163.5449888
3360;52057010;52057010;1148;PILCUAN [52057010];Limnigráfica;TEST005;Activa;1979-10-15;1780;1.02177778;-77.47280556;Nariño;Imués;Area Operativa 07 - Nariño-Putumayo;Pacifico;Patía;;Guaitara;;Río Guáitara;INSTITUTO DE HIDROLOGIA METEOROLOGIA Y ESTUDIOS AMBIENTALES;RED ALERTAS - AREA OPERATIVA 07,;175.4906713
3412;54020090;54020090;1653;AEROPUERTO CONDOTO [54020090];Climática Ordinaria;Automática con Telemetría;Activa;2003-05-10;65;5.0735;-76.67666667;Chocó;Condoto;Area Operativa 09 - Cauca-Valle-Caldas;Pacifico;San Juán;Por REQ2021-000578 Se hacen ajustes solicitados por la Coordinadora del AO 09.;0;;Río Tamaná y otros Directos San Juan;INSTITUTO DE HIDROLOGIA METEOROLOGIA Y ESTUDIOS AMBIENTALES;;284.6979766
3457;5311500149;5311500149;1302;COLEGIO VASCO NUÑEZ DE BALBOA [5311500149];Meteorológica Especial;Automática con Telemetría;En Mantenimiento;2019-12-13;9;3.88419444;-77.04938056;Valle del Cauca;Buenaventura;Area Operativa 09 - Cauca-Valle-Caldas;Pacifico;Tapaje - Dagua - Directos;EL GRUPO DE AUTOMATIZACION REPORTA QUE LA ESTACION FUE RETIRADA POR CONSTRUCCIÓN DE MURO QUE INTERFERÍA EN CALIDAD DE DATOS DE AIRE. ESTACION EN MANTENIMIENTO (07/12/2022);Dagua;;Dagua - Buenaventura - Bahia Málaga;INSTITUTO DE HIDROLOGIA METEOROLOGIA Y ESTUDIOS AMBIENTALES;;151.6928213
3458;5204700100;5204700100;343;PUENTE LOS DOLORES - AUT  [5204700100];Limnigráfica;TEST005;En Mantenimiento;2017-06-26;2697;1.19980556;-77.26569444;Nariño;Pasto;Area Operativa 07 - Nariño-Putumayo;Pacifico;Patía;Actualizada Tecnología. Tipo de Transmisión y Estado por solicitud del coordinador del AO. (15022023);Pasto;;Río Juananbú;INSTITUTO DE HIDROLOGIA METEOROLOGIA Y ESTUDIOS AMBIENTALES;;150.0415252
3477;54050010;54050010;1669;NOANAMA [54050010];Climática Ordinaria;Automática con Telemetría;En Mantenimiento;1969-01-15;18;4.71666667;-76.91666667;Chocó;Istmina;Area Operativa 09 - Cauca-Valle-Caldas;Pacifico;San Juán;Por REQ2021-000578 Se hacen ajustes solicitados por la Coordinadora del AO 09.|26/08/2022$Migracion$Se Cambia Estado por orden de la Coordinación de Planeacion Operativa Decisión tomada en la Reunión de la RED 19/08/2022;0;;Río San Juan Medio;INSTITUTO DE HIDROLOGIA METEOROLOGIA Y ESTUDIOS AMBIENTALES;;243.5592552
3506;2604500134;2604500134;416;TORIBIO ALERTAS   TORIBIO - AUT   [2604500134];Climática Principal;Automática con Telemetría;Activa;2017-04-27;1759;2.95238889;-76.26208333;Cauca;Toribío;Area Operativa 09 - Cauca-Valle-Caldas;Magdalena Cauca;Cauca;Por REQ 2021-000578 se hacen ajustes solicitados por la Coordinadora AO.;0;;Río Palo;INSTITUTO DE HIDROLOGIA METEOROLOGIA Y ESTUDIOS AMBIENTALES;;90.97234088
3745;54025010;54025010;1670;SAN JOSE PALMAR [54025010];Climática Ordinaria;TEST005;Activa;1973-09-15;1115;4.89808333;-76.67666667;Chocó;Nóvita;Area Operativa 09 - Cauca-Valle-Caldas;Pacifico;San Juán;Por REQ2021-000578 Se hacen ajustes solicitados por la Coordinadora del AO 09.;0;;Río Cajón;INSTITUTO DE HIDROLOGIA METEOROLOGIA Y ESTUDIOS AMBIENTALES;RED ALERTAS - AREA OPERATIVA 09,;265.3969937
3752;52017001;52017001;53;PUERTO NUEVO PATIA - AUT [52017001];Limnigráfica;TEST005;En Mantenimiento;1972-07-15;525;1.90888889;-77.24638889;Nariño;Leiva;Area Operativa 07 - Nariño-Putumayo;Pacifico;Patía;cAMBIO DE NOMBRE SOLICITADO POR CORREO ELECTRÓNICO;Patia;;Río Patia Alto;INSTITUTO DE HIDROLOGIA METEOROLOGIA Y ESTUDIOS AMBIENTALES;;74.83566212
3762;2601700104;2601700104;233;MOLINOS - AUT [2601700104];Limnigráfica;TEST005;En Mantenimiento;2017-12-30;1819;2.43947222;-76.57428056;Cauca;Popayán;Area Operativa 09 - Cauca-Valle-Caldas;Magdalena Cauca;Cauca;Complemento información|26/08/2022$Migracion$Se Cambia Estado por orden de la Coordinación de Planeacion Operativa Decisión tomada en la Reunión de la RED 19/08/2022|26/08/2022$Migracion$Complemento información|26/08/2022$Migracion$Se Cambia Estado por orden de la Coordinación de Planeacion Operativa Decisión tomada en la Reunión de la RED 19/08/2022;1230;;Alto Río Cauca;INSTITUTO DE HIDROLOGIA METEOROLOGIA Y ESTUDIOS AMBIENTALES;;43.35201039
3764;55015020;55015020;1661;BAJO BAUDO - AUT  [55015020];Climática Ordinaria;Automática con Telemetría;En Mantenimiento;2017-12-29;10;4.95806111;-77.36226389;Chocó;Bajo Baudó (Pizarro);Area Operativa 09 - Cauca-Valle-Caldas;Pacifico;Baudó - Directos Pacifico;Corrección interna nombre de estación|26/08/2022$Migracion$Se Cambia Estado por orden de la Coordinación de Planeacion Operativa Decisión tomada en la Reunión de la RED 19/08/2022;0;;Río Baudó;INSTITUTO DE HIDROLOGIA METEOROLOGIA Y ESTUDIOS AMBIENTALES;;274.0916624
3780;54027050;54027050;1656;RIO IRO - AUT  [54027050];Limnigráfica;Automática con Telemetría;Activa;2017-12-29;63;5.11662222;-76.66558056;Chocó;Rio Iró (Santa Rita);Area Operativa 09 - Cauca-Valle-Caldas;Pacifico;San Juán;Corrección interna nombre de estación|22/04/2022$Migracion$Corrección interna nombre de estación|22/08/2022$Migracion$Por Instrucción de PLANEACION OPERATIVA Cambio de Categoria por Eliminacion de categoria HA en CNE.;0;;Río Tamaná y otros Directos San Juan;INSTITUTO DE HIDROLOGIA METEOROLOGIA Y ESTUDIOS AMBIENTALES;;289.5781895
3808;4403700097;4403700097;291;SUCRE - AUT   [4403700097];Limnigráfica;TEST005;En Mantenimiento;2017-12-19;972;1.78447222;-75.68252778;Caquetá;Florencia (Caquetá);Area Operativa 04 - Huila-Caquetá;Amazonas;Caquetá;Actualizada Tecnologia y Tipo de Transmision por solicitud del coordinador del AO. (03022023);Hacha;;Río Orteguaza;INSTITUTO DE HIDROLOGIA METEOROLOGIA Y ESTUDIOS AMBIENTALES;;163.3480779
3810;2202500051;2202500051;437;PLANADAS - AUT   [2202500051];Climática Principal;Automática con Telemetría;En Mantenimiento;2017-12-17;1300;3.2058;-75.6542;Tolima;Planadas;Area Operativa 10 - Tolima;Magdalena Cauca;Saldaña;Solicitado mediante correo electrónico del 20180704|26/08/2022$Migracion$Se Cambia Estado por orden de la Coordinación de Planeacion Operativa Decisión tomada en la Reunión de la RED 19/08/2022;0;;Río Atá;INSTITUTO DE HIDROLOGIA METEOROLOGIA Y ESTUDIOS AMBIENTALES;;163.6200372
3817;2201500047;2201500047;427;HERRERA - AUT   [2201500047];Climática Principal;Automática con Telemetría;En Mantenimiento;2018-04-15;1615;3.28413889;-75.80245;Tolima;Planadas;Area Operativa 10 - Tolima;Magdalena Cauca;Saldaña;Solicitado mediante correo electrónico del 20180704|26/08/2022$Migracion$Se Cambia Estado por orden de la Coordinación de Planeacion Operativa Decisión tomada en la Reunión de la RED 19/08/2022;0;;Alto Saldaña;INSTITUTO DE HIDROLOGIA METEOROLOGIA Y ESTUDIOS AMBIENTALES;;153.8271234
3820;2121500042;2121500042;431;EL SILENCIO - AUT   [2121500042];Climática Principal;Automática con Telemetría;Activa;2017-12-17;2547;4.60022222;-75.336;Tolima;Ibagué;Area Operativa 10 - Tolima;Magdalena Cauca;Alto Magdalena;;0;;Río Coello;INSTITUTO DE HIDROLOGIA METEOROLOGIA Y ESTUDIOS AMBIENTALES;;292.4524554
3823;2121500048;2121500048;438;IBAGUE - AUT   [2121500048];Climática Principal;Automática con Telemetría;En Mantenimiento;2017-12-18;1254;4.41880833;-75.20585;Tolima;Ibagué;Area Operativa 10 - Tolima;Magdalena Cauca;Alto Magdalena;Solicitado mediante correo electrónico del 20180704|26/08/2022$Migracion$Se Cambia Estado por orden de la Coordinación de Planeacion Operativa Decisión tomada en la Reunión de la RED 19/08/2022;0;;Río Coello;INSTITUTO DE HIDROLOGIA METEOROLOGIA Y ESTUDIOS AMBIENTALES;;286.5291405
3830;5311500056;5311500056;397;UNIVERSIDAD DEL PACIFICO - AUT   [5311500056];Climática Principal;Automática con Telemetría;Suspendida;2017-12-28;16;3.84830833;-76.98701667;Valle del Cauca;Buenaventura;Area Operativa 09 - Cauca-Valle-Caldas;Pacifico;Tapaje - Dagua - Directos;EL GRUPO DE AUTOMATIZACIÓN REPORTA ESTACIÓN RETIRADA POR SOLICITUD DE LA UNIVERSIDAD. CONSTRUCCIÓN VÍA INTERNA. ESTACION SUSPENDIDA (12/12/2022);0;;Dagua - Buenaventura - Bahia Málaga;INSTITUTO DE HIDROLOGIA METEOROLOGIA Y ESTUDIOS AMBIENTALES;;147.3944939
3833;2105700099;2105700099;283;PUENTE COHETANDO - AUT   [2105700099];Limnigráfica;TEST005;En Mantenimiento;2017-12-28;1314;2.57930556;-75.98738889;Cauca;Páez (Belalcázar);Area Operativa 04 - Huila-Caquetá;Magdalena Cauca;Alto Magdalena;Actualizada Tecnologia y Tipo de Transmision por solicitud del coordinador del AO. (03022023);Paez;;Río Páez;INSTITUTO DE HIDROLOGIA METEOROLOGIA Y ESTUDIOS AMBIENTALES;;108.0096585
3836;5311500121;5311500121;424;LA CUMBRE - AUT   [5311500121];Climática Principal;Automática con Telemetría;Activa;2017-04-25;1613;3.64519444;-76.56475;Valle del Cauca;La Cumbre;Area Operativa 09 - Cauca-Valle-Caldas;Pacifico;Tapaje - Dagua - Directos;Solicitado mediante correo electrónico por Jorge A. González, coordinador área operativa 11;0;;Dagua - Buenaventura - Bahia Málaga;INSTITUTO DE HIDROLOGIA METEOROLOGIA Y ESTUDIOS AMBIENTALES;;132.192303
3840;2612500130;2612500130;420;SALENTO - AUT   [2612500130];Climática Principal;Automática con Telemetría;Activa;2017-07-04;1965;4.633475;-75.56885833;Quindío;Salento;Area Operativa 09 - Cauca-Valle-Caldas;Magdalena Cauca;Cauca;Solicitado mediante correo electrónico por Jorge A. González, coordinador área operativa 11;0;;Río La Vieja;INSTITUTO DE HIDROLOGIA METEOROLOGIA Y ESTUDIOS AMBIENTALES;;280.3557194
3841;2610500131;2610500131;393;SANTA LUCIA - AUT   [2610500131];Climática Principal;Automática con Telemetría;En Mantenimiento;2017-11-29;2903;3.92905556;-75.94063889;Valle del Cauca;Tuluá;Area Operativa 09 - Cauca-Valle-Caldas;Magdalena Cauca;Cauca;Solicitado mediante correo electrónico por Jorge A. González, coordinador área operativa 11|26/08/2022$Migracion$Se Cambia Estado por orden de la Coordinación de Planeacion Operativa Decisión tomada en la Reunión de la RED 19/08/2022;0;;Ríos Tulua y Morales;INSTITUTO DE HIDROLOGIA METEOROLOGIA Y ESTUDIOS AMBIENTALES;;192.7508921
3842;2603700157;2603700157;409;REMOLINO - AUT   [2603700157];Limnigráfica;Automática con Telemetría;En Mantenimiento;2017-06-16;1606;2.51;-76.83;Cauca;El Tambo (Cauca);Area Operativa 09 - Cauca-Valle-Caldas;Magdalena Cauca;Cauca;Por REQ2021-000578 Se hacen ajustes solicitados por la Coordinadora del AO 09.|26/08/2022$Migracion$Se Cambia Estado por orden de la Coordinación de Planeacion Operativa Decisión tomada en la Reunión de la RED 19/08/2022;Sucio;;Rio Salado y otros directos Cauca;INSTITUTO DE HIDROLOGIA METEOROLOGIA Y ESTUDIOS AMBIENTALES;;14.02348286
3846;5311700154;5311700154;404;PUENTE ZACARIAS - AUT   [5311700154];Limnigráfica;Automática con Telemetría;En Mantenimiento;2018-03-06;12;3.81452778;-77.00541667;Valle del Cauca;Buenaventura;Area Operativa 09 - Cauca-Valle-Caldas;Pacifico;Tapaje - Dagua - Directos;Solicitado mediante correo electrónico por Jorge A. González, coordinador área operativa 11|26/08/2022$Migracion$Se Cambia Estado por orden de la Coordinación de Planeacion Operativa Decisión tomada en la Reunión de la RED 19/08/2022;Dagua;;Dagua - Buenaventura - Bahia Málaga;INSTITUTO DE HIDROLOGIA METEOROLOGIA Y ESTUDIOS AMBIENTALES;;143.72011
3851;5202500132;5202500132;348;SANTIAGO - AUT   [5202500132];Climática Principal;Automática con Telemetría;Activa;2017-04-29;2440;1.81414167;-76.78283333;Cauca;San Sebastián;Area Operativa 07 - Nariño-Putumayo;Pacifico;Patía;Solicitado mediante correo electrónico por Jorge A. González, coordinador área operativa 11;0;;Río Guachicono;INSTITUTO DE HIDROLOGIA METEOROLOGIA Y ESTUDIOS AMBIENTALES;;80.27602263
3859;5102500128;5102500128;342;RESERVA NATURAL LA PLANADA - AUT   [5102500128];Climática Principal;Automática con Telemetría;En Mantenimiento;2017-07-15;1835;1.15783333;-77.9765;Nariño;Ricaurte (Nariño);Area Operativa 07 - Nariño-Putumayo;Pacifico;Mira;EL GRUPO DE AUTOMATIZACION REPORTA QUE LA ESTACION DEJO DE TRANSMITIR EL 17/11/22. ESTACIÓN EN MANTENIMIENTO (06/12/2022);0;;Río Mira;INSTITUTO DE HIDROLOGIA METEOROLOGIA Y ESTUDIOS AMBIENTALES;;188.8870782
3860;2612500124;2612500124;421;PIJAO - AUT   [2612500124];Climática Principal;Automática con Telemetría;Activa;2017-07-06;2005;4.33136111;-75.68413889;Quindío;Pijao;Area Operativa 09 - Cauca-Valle-Caldas;Magdalena Cauca;Cauca;Solicitado mediante correo electrónico por Jorge A. González, coordinador área operativa 11;0;;Río La Vieja;INSTITUTO DE HIDROLOGIA METEOROLOGIA Y ESTUDIOS AMBIENTALES;;245.5288287
3861;2603500127;2603500127;396;REMOLINO ALERTAS - EL VOLCAN - AUT   [2603500127];Climática Principal;Automática con Telemetría;Activa;2017-06-16;1795;2.54291389;-76.85206111;Cauca;El Tambo (Cauca);Area Operativa 09 - Cauca-Valle-Caldas;Magdalena Cauca;Cauca;Solicitado mediante correo electrónico por Jorge A. González, coordinador área operativa 11;0;;Rio Salado y otros directos Cauca;INSTITUTO DE HIDROLOGIA METEOROLOGIA Y ESTUDIOS AMBIENTALES;;11.86747243
3862;2633700150;2633700150;401;GUAYABAL - AUT   [2633700150];Limnigráfica;Automática con Telemetría;Activa;2017-07-07;931;4.40527889;-76.10075278;Valle del Cauca;Zarzal;Area Operativa 09 - Cauca-Valle-Caldas;Magdalena Cauca;Cauca;Por REQ2021-000578 Se hacen ajustes solicitados por la Coordinadora del AO 09.;Cauca;;Rios Las Cañas - Los Micos y Obando;INSTITUTO DE HIDROLOGIA METEOROLOGIA Y ESTUDIOS AMBIENTALES;;229.5613783
3973;21057060;21057060;284;PAICOL - AUT [21057060];Limnigráfica;TEST005;En Mantenimiento;1971-07-15;785;2.46;-75.76;Huila;Tesalia;Area Operativa 04 - Huila-Caquetá;Magdalena Cauca;Alto Magdalena;Actualizada Tecnologia y Tipo de Transmision por solicitud del coordinador del AO. (01022023);Paez;;Río Páez;INSTITUTO DE HIDROLOGIA METEOROLOGIA Y ESTUDIOS AMBIENTALES;Alto Magdalena Huila -Tolima,RED ALERTAS - AREA OPERATIVA 04,;133.2552724
3975;44035050;44035050;101;MACAGUAL - AUT [44035050];Agrometeorológica;TEST005;En Mantenimiento;2005-07-10;280;1.5;-75.66;Caquetá;Florencia (Caquetá);Area Operativa 04 - Huila-Caquetá;Amazonas;Caquetá;Actualizada Tecnología y Tipo de Transmisión por solicitud del coordinador del AO. (02022023);0;;Río Orteguaza;INSTITUTO DE HIDROLOGIA METEOROLOGIA Y ESTUDIOS AMBIENTALES;Radiación Ultravioleta,Radiación Visible,;183.0442663
4012;52025080;52025080;67;ESTRECHO PATIA  - AUT [52025080];Climática Ordinaria;TEST005;En Mantenimiento;2004-03-01;720;1.96;-77.12;Cauca;Patía (El Bordo);Area Operativa 07 - Nariño-Putumayo;Pacifico;Patía;Cambio de Caegoria a CO. Sg. Solicitud de AO7 e Informatica  REQ 2020-001745;0;;Río Guachicono;INSTITUTO DE HIDROLOGIA METEOROLOGIA Y ESTUDIOS AMBIENTALES;Altiplano Nariñense-Pacifico,Radiación Ultravioleta,Radiación Visible,;64.44903519
4019;2633500119;2633500119;418;GUACHAL PALMASECA - AUT   [2633500119];Limnigráfica;Automática con Telemetría;En Mantenimiento;2017-10-10;946;3.55954167;-76.45689722;Valle del Cauca;Palmira;Area Operativa 09 - Cauca-Valle-Caldas;Magdalena Cauca;Cauca;Por REQ2021-000578 Se hacen ajustes solicitados por la Coordinadora del AO 09.|22/04/2022$Migracion$INC 2022-000659. Solicitud Coordinadora AO. Cambio de Categoria|22/08/2022$Migracion$Por Instrucción de PLANEACION OPERATIVA Cambio de Categoria por Eliminacion de categoria HA en CNE.|26/08/2022$Migracion$Se Cambia Estado por orden de la Coordinación de Planeacion Operativa Decisión tomada en la Reunión de la RED 19/08/2022|26/08/2022$Migracion$Por REQ2021-000578 Se hacen ajustes solicitados por la Coordinadora del AO 09.|22/04/2022$Migracion$INC 2022-000659. Solicitud Coordinadora AO. Cambio de Categoria|22/08/2022$Migracion$Por Instrucción de PLANEACION OPERATIVA Cambio de Categoria por Eliminacion de categoria HA en CNE.|26/08/2022$Migracion$Se Cambia Estado por orden de la Coordinación de Planeacion Operativa Decisión tomada en la Reunión de la RED 19/08/2022;Guachal;;Río Guachal (Bolo - Fraile y Párraga);INSTITUTO DE HIDROLOGIA METEOROLOGIA Y ESTUDIOS AMBIENTALES;;128.0004679
4020;54057020;54057020;1654;LITORAL SAN JUAN - AUT  [54057020];Limnigráfica;Automática con Telemetría;En Mantenimiento;2017-12-29;8;4.2454;-76.23194444;Valle del Cauca;Trujillo;Area Operativa 09 - Cauca-Valle-Caldas;Magdalena Cauca;Cauca;Por REQ2021-000578 Se hacen ajustes solicitados por la Coordinadora del AO 09.|22/04/2022$Migracion$Por REQ2021-000578 Se hacen ajustes solicitados por la Coordinadora del AO 09.|22/08/2022$Migracion$Por Instrucción de PLANEACION OPERATIVA Cambio de Categoria por Eliminacion de categoria HA en CNE.|26/08/2022$Migracion$Se Cambia Estado por orden de la Coordinación de Planeacion Operativa Decisión tomada en la Reunión de la RED 19/08/2022;San Juan;;Río Frío;INSTITUTO DE HIDROLOGIA METEOROLOGIA Y ESTUDIOS AMBIENTALES;;207.5094278
4034;47017170;47017170;422;PICUDO EL [47017170];Limnigráfica;TEST005;Activa;1984-09-15;360;0.48922222;-76.83597222;Putumayo;Orito;Area Operativa 07 - Nariño-Putumayo;Amazonas;Putumayo;Ajuste Coordenadas Sg/ Coordenadas enviadas por AO 07;Guamues;;Alto Río Putumayo;INSTITUTO DE HIDROLOGIA METEOROLOGIA Y ESTUDIOS AMBIENTALES;Piedemonte Caqueta y Putumayo,RED ALERTAS - AREA OPERATIVA 07,;225.0575179
4067;5311500185;5311500185;1303;UNIPACIFICO [5311500185];Meteorológica Especial;Automática con Telemetría;En Mantenimiento;2020-10-21;19;3.84790833;-76.99935278;Valle del Cauca;Buenaventura;Area Operativa 09 - Cauca-Valle-Caldas;Pacifico;Tapaje - Dagua - Directos;Solicitud Creación Estación UNIPACIFICO. Calidad del Aire. Autorización Subdireccion Hidrología FORMATO F005|13/05/2022$Migracion$Solicitud Creación Estación UNIPACIFICO. Calidad del Aire. Autorización Subdireccion Hidrología FORMATO F005|28/09/2022$Migracion$Por solicitud del Coordinador de PO. Actualizacion Fuente Generadora de Datos (IDEAM);Dagua;;Dagua - Buenaventura - Bahia Málaga;INSTITUTO DE HIDROLOGIA METEOROLOGIA Y ESTUDIOS AMBIENTALES;;147.3902399
4082;26017060;26017060;392;PUENTE ARAGON  - AUT [26017060];Limnigráfica;TEST005;En Mantenimiento;1970-05-15;2993;2.2;-76.5;Cauca;Puracé (Coconuco);Area Operativa 09 - Cauca-Valle-Caldas;Magdalena Cauca;Cauca;Por REQ2021-000578 Se hacen ajustes solicitados por la Coordinadora del AO 09.|26/08/2022$Migracion$Se Cambia Estado por orden de la Coordinación de Planeacion Operativa Decisión tomada en la Reunión de la RED 19/08/2022|26/08/2022$Migracion$Por REQ2021-000578 Se hacen ajustes solicitados por la Coordinadora del AO 09.|26/08/2022$Migracion$Se Cambia Estado por orden de la Coordinación de Planeacion Operativa Decisión tomada en la Reunión de la RED 19/08/2022;Cauca;;Alto Río Cauca;INSTITUTO DE HIDROLOGIA METEOROLOGIA Y ESTUDIOS AMBIENTALES;;61.75945677
4083;54010010;54010010;1660;ISTMINA [54010010];Climática Ordinaria;Automática con Telemetría;Activa;1967-01-15;78;5.15875;-76.68922222;Chocó;Istmina;Area Operativa 09 - Cauca-Valle-Caldas;Pacifico;San Juán;Por REQ2021-000578 Se hacen ajustes solicitados por la Coordinadora del AO 09.|26/08/2022$Migracion$Se Cambia Estado por orden de la Coordinación de Planeacion Operativa Decisión tomada en la Reunión de la RED 19/08/2022;0;;Río San Juan Alto;INSTITUTO DE HIDROLOGIA METEOROLOGIA Y ESTUDIOS AMBIENTALES;RED ALERTAS - AREA OPERATIVA 09,;293.9419912
4084;21105030;21105030;6;ALGECIRAS - AUT [21105030];Climática Ordinaria;TEST005;En Mantenimiento;1971-04-15;993;2.52;-75.31999722;Huila;Algeciras;Area Operativa 04 - Huila-Caquetá;Magdalena Cauca;Alto Magdalena;Actualizada Tecnologia y Tipo de Transmision por solicitud del coordinador del AO. (01022023);0;;Rio Neiva;INSTITUTO DE HIDROLOGIA METEOROLOGIA Y ESTUDIOS AMBIENTALES;;182.0414724
4095;44055010;44055010;1177;TRES ESQUINAS [44055010];Climática Principal;TEST005;Activa;1971-04-14;219;0.7375;-75.23611111;Caquetá;Solano;Area Operativa 11 - Cundinamarca-Amazonas;Amazonas;Caquetá;Solicitud de Automatizacion. Cambio de Tecnologia y Tipo de Transmision|28/04/2022$Migracion$Solicitud de Automatizacion. Cambio de Tecnologia y Tipo de Transmision|25/05/2022$Migracion$Solicitud de Automatizacion. Cambio de Tecnologia y Tipo de Transmision|28/04/2022$Migracion$Solicitud de Automatizacion. Cambio de Tecnologia y Tipo de Transmision;0;;Río Orteguaza;INSTITUTO DE HIDROLOGIA METEOROLOGIA Y ESTUDIOS AMBIENTALES;Piedemonte Caqueta y Putumayo,RED ALERTAS - AREA OPERATIVA 11,;274.7212586
4115;21015030;21015030;331;PARQUE ARQUEOLOGICO - AUT [21015030];Pluviométrica;TEST005;Activa;1971-06-15;1800;1.88847222;-76.29497222;Huila;San Agustín;Area Operativa 04 - Huila-Caquetá;Magdalena Cauca;Alto Magdalena;Actualizada Tecnologia. Tipo de Transmision y Estado por solicitud de la coordinadora del AO. (31012023);0;;Alto Magdalena;INSTITUTO DE HIDROLOGIA METEOROLOGIA Y ESTUDIOS AMBIENTALES;Alto Magdalena Huila -Tolima,Radiación Ultravioleta,Radiación Visible,;101.3411217
4116;53045040;53045040;11;AEROPUERTO GUAPI - AUT [53045040];Climática Principal;TEST005;En Mantenimiento;2004-03-01;42;2.57441667;-77.89475;Cauca;Guapi;Area Operativa 07 - Nariño-Putumayo;Pacifico;Tapaje - Dagua - Directos;07/06/2022$Migracion$Por solicitud de Arcila Gomez, Yolanda REQ 2022-004238 retirada del listado de estaciones DHIME-  Alertas -  Registro de informacion- RED ALERTAS - AREA OPERATIVA 07 debido a que las dos estaciones se encuentran sin observador hace varios meses.;0;;Río Guapi;INSTITUTO DE HIDROLOGIA METEOROLOGIA Y ESTUDIOS AMBIENTALES;Altiplano Nariñense-Pacifico,Radiación Ultravioleta,Radiación Visible,;104.855001
4145;46015030;46015030;175;SAN VICENTE DEL CAGUAN  - AUT [46015030];Climática Principal;TEST005;En Mantenimiento;2008-09-30;300;2.063;-74.76269444;Caquetá;San Vicente Del Caguán;Area Operativa 04 - Huila-Caquetá;Amazonas;Caguán;Actualizada Tecnologia y Tipo de Transmision por solicitud del coordinador del AO. (03022023);0;;Río Caguan Alto;INSTITUTO DE HIDROLOGIA METEOROLOGIA Y ESTUDIOS AMBIENTALES;Radiación Ultravioleta,Radiación Visible,;249.1852198
4146;52055170;52055170;92;LA JOSEFINA - AUT [52055170];Climática Principal;Automática con Telemetría;En Mantenimiento;2005-12-10;2450;0.93030556;-77.49119444;Nariño;Contadero;Area Operativa 07 - Nariño-Putumayo;Pacifico;Patía;22/08/2022$Migracion$Se Cambia Estado por orden de la Coordinación de Planeacion Operativa Decisión tomada en la Reunión de la RED 19/08/2022;0;;Río Guáitara;INSTITUTO DE HIDROLOGIA METEOROLOGIA Y ESTUDIOS AMBIENTALES;Radiación Ultravioleta,Radiación Visible,;185.7435707
4147;51025090;51025090;1127;GRANJA EL MIRA - - AUT [51025090];Climática Principal;TEST005;En Mantenimiento;2016-08-01;16;1.55019444;-78.69558333;Nariño;Tumaco;Area Operativa 07 - Nariño-Putumayo;Pacifico;Mira;Actualizda Tecnologia y Tipo de Transmision por solicitud del coordinador del AO. (14022023);0;;Río Mira;INSTITUTO DE HIDROLOGIA METEOROLOGIA Y ESTUDIOS AMBIENTALES;Altiplano Nariñense-Pacifico,RED ALERTAS - AREA OPERATIVA 07,;221.793036
4148;52057100;52057100;1608;RUMICHACA - AUT [52057100] ;Limnigráfica;TEST005;En Mantenimiento;2016-11-15;2582;0.81378611;-77.66197778;Nariño;Ipiales;Area Operativa 07 - Nariño-Putumayo;Pacifico;Patía;22/08/2022$Migracion$Se Cambia Estado por orden de la Coordinación de Planeacion Operativa Decisión tomada en la Reunión de la RED 19/08/2022;Guaitara;;Río Guáitara;INSTITUTO DE HIDROLOGIA METEOROLOGIA Y ESTUDIOS AMBIENTALES;RED ALERTAS - AREA OPERATIVA 07,;204.5829474
4150;21015050;21015050;168;PURACE  - AUT [21015050];Climática Principal;Automática con Telemetría;En Mantenimiento;2005-07-17;1900;1.92591667;-76.42755556;Huila;San Agustín;Area Operativa 04 - Huila-Caquetá;Magdalena Cauca;Alto Magdalena;Actualizado Estado de la estación (Activa) por solicitud del coordinador del AO. (31012023);0;;Alto Magdalena;INSTITUTO DE HIDROLOGIA METEOROLOGIA Y ESTUDIOS AMBIENTALES;Radiación Ultravioleta,Radiación Visible,;88.06521716
4156;26137220;26137220;172;EL RETEN - AUT [26137220];Limnigráfica;TEST005;En Mantenimiento;1993-11-15;1808;4.72819444;-75.60344444;RIsaralda;Pereira;Area Operativa 09 - Cauca-Valle-Caldas;Magdalena Cauca;Cauca;Por REQ2021-000578 Se hacen ajustes solicitados por la Coordinadora del AO 09.|22/08/2022$Migracion$Se Cambia Estado por orden de la Coordinación de Planeacion Operativa Decisión tomada en la Reunión de la RED 19/08/2022;Otun;;Río La Vieja;INSTITUTO DE HIDROLOGIA METEOROLOGIA Y ESTUDIOS AMBIENTALES;;287.1359705
4157;21137010;21137010;1119;PURIFICACION - AUT [21137010];Limnigráfica;Automática con Telemetría;En Mantenimiento;1959-11-15;306;3.84952778;-74.93577778;Tolima;Purificación;Area Operativa 10 - Tolima;Magdalena Cauca;Alto Magdalena;22/08/2022$Migracion$Se Cambia Estado por orden de la Coordinación de Planeacion Operativa Decisión tomada en la Reunión de la RED 19/08/2022|22/08/2022$Migracion$Se Cambia Estado por orden de la Coordinación de Planeacion Operativa Decisión tomada en la Reunión de la RED 19/08/2022;Magdalena;;Río Aipe, Río Chenche y otros directos al Magdalena;INSTITUTO DE HIDROLOGIA METEOROLOGIA Y ESTUDIOS AMBIENTALES;Alto Magdalena Huila -Tolima,RED ALERTAS - AREA OPERATIVA 10,;268.6404572
4159;21115180;21115180;104;HACIENDA MANILA - AUT [21115180];Agrometeorológica;TEST005;En Mantenimiento;2005-06-15;600;3.13305556;-75.08152778;Huila;Baraya;Area Operativa 04 - Huila-Caquetá;Magdalena Cauca;Alto Magdalena;Actualizacion de Tecnologia y Tipo de Transmision por solicitud del coordinador del AO. (01022023);0;;Rio Fortalecillas y otros;INSTITUTO DE HIDROLOGIA METEOROLOGIA Y ESTUDIOS AMBIENTALES;Radiación Ultravioleta,Radiación Visible,;219.3369792
4166;26105240;26105240;142;EL PLACER - AUT [26105240];Climática Principal;Automática con Telemetría;En Mantenimiento;2005-06-30;2200;3.87911111;-76.10055556;Valle del Cauca;Buga;Area Operativa 09 - Cauca-Valle-Caldas;Magdalena Cauca;Cauca;Por REQ2021-000578 Se hacen ajustes solicitados por la Coordinadora del AO 09.|22/08/2022$Migracion$Se Cambia Estado por orden de la Coordinación de Planeacion Operativa Decisión tomada en la Reunión de la RED 19/08/2022;0;;Ríos Tulua y Morales;INSTITUTO DE HIDROLOGIA METEOROLOGIA Y ESTUDIOS AMBIENTALES;;178.2137195
4174;51025080;51025080;7;ALTAQUER - AUT [51025080];Climática Principal;TEST005;En Mantenimiento;2007-02-27;110;1.24833333;-78.0925;Nariño;Barbacoas;Area Operativa 07 - Nariño-Putumayo;Pacifico;Mira;Orfeo 20187070004863 Area 07|24/08/2022$Migracion$Se Cambia Estado por orden de la Coordinación de Planeacion Operativa Decisión tomada en la Reunión de la RED 19/08/2022;0;;Río Mira;INSTITUTO DE HIDROLOGIA METEOROLOGIA Y ESTUDIOS AMBIENTALES;;189.4016979
4178;5205500123;5205500123;346;LAS IGLESIAS  - AUT [5205500123];Climática Principal;Automática con Telemetría;Activa;2017-06-21;2973;1.05480556;-77.27025;Nariño;Pasto;Area Operativa 07 - Nariño-Putumayo;Pacifico;Patía;Actualizado Tipo de Transmision y Estado por solicitud del coordinador del AO. (15022023);0;;Río Guáitara;INSTITUTO DE HIDROLOGIA METEOROLOGIA Y ESTUDIOS AMBIENTALES;;165.8205037
4180;21147030;21147030;434;CARRASPOSO  - AUT [21147030];Limnigráfica;TEST005;Activa;1972-02-15;730;3.32752778;-74.86691667;Huila;Colombia;Area Operativa 04 - Huila-Caquetá;Magdalena Cauca;Alto Magdalena;Actualizada Tecnologia y Tipo de Transmision solicitado por el coordinador del AO. (01022023);Cabrera;;Río Cabrera;INSTITUTO DE HIDROLOGIA METEOROLOGIA Y ESTUDIOS AMBIENTALES;;249.013835
4181;47017110;47017110;408;MONOPAMBA  - AUT [47017110];Limnigráfica;TEST005;Activa;1980-05-15;1650;0.80777778;-77.30694444;Nariño;Puerres;Area Operativa 07 - Nariño-Putumayo;Amazonas;Putumayo;Cambio de tecnología por instalación o repotenciación de estaciones proyecto Fondo de Adaptación|24/08/2022$Migracion$Se Cambia Estado por orden de la Coordinación de Planeacion Operativa Decisión tomada en la Reunión de la RED 19/08/2022|30/09/2022$Migracion$Cambio de tecnología por instalación o repotenciación de estaciones proyecto Fondo de Adaptación|24/08/2022$Migracion$Se Cambia Estado por orden de la Coordinación de Planeacion Operativa Decisión tomada en la Reunión de la RED 19/08/2022;Sucio;;Alto Río Putumayo;INSTITUTO DE HIDROLOGIA METEOROLOGIA Y ESTUDIOS AMBIENTALES;;193.4439424
4193;44035040;44035040;70;FLORENCIA - AUT [44035040];Climática Principal;Automática con Telemetría;En Mantenimiento;2006-02-04;600;1.733;-75.64502778;Caquetá;Florencia (Caquetá);Area Operativa 04 - Huila-Caquetá;Amazonas;Caquetá;Actualizado Estado por solicitud del coordinador del AO. (02022023);0;;Río Orteguaza;INSTITUTO DE HIDROLOGIA METEOROLOGIA Y ESTUDIOS AMBIENTALES;Radiación Ultravioleta,Radiación Visible,;169.8254048
4196;52055160;52055160;244;VOLCAN CHILES  - AUT [52055160];Climática Principal;Automática con Telemetría;En Mantenimiento;2005-12-17;442;0.84658333;-77.92122222;Nariño;Cumbal;Area Operativa 07 - Nariño-Putumayo;Pacifico;Mira;Cambio de tecnología por instalación o repotenciación de estaciones proyecto Fondo de Adaptación|25/08/2022$Migracion$Se Cambia Estado por orden de la Coordinación de Planeacion Operativa Decisión tomada en la Reunión de la RED 19/08/2022;0;;Río San Juan (Frontera Ecuador);INSTITUTO DE HIDROLOGIA METEOROLOGIA Y ESTUDIOS AMBIENTALES;;214.241911
4201;21217200;21217200;430;CARMEN EL [21217200];Limnigráfica;TEST005;En Mantenimiento;1979-07-15;821;4.30061111;-75.20655556;Tolima;Rovira;Area Operativa 10 - Tolima;Magdalena Cauca;Alto Magdalena;"25/08/2022$Migracion$Se Cambia Estado por orden de la Coordinación de Planeacion Operativa Decisión tomada en la Reunión de la RED 19/08/2022
Actualizada Tecnologia y Tipo de Transmision por solicitud del coordinador del AO. (16032023)";Coello;;Río Coello;INSTITUTO DE HIDROLOGIA METEOROLOGIA Y ESTUDIOS AMBIENTALES;;277.0238979
4202;21145080;21145080;295;SANTA ANA - AUT [21145080];Climática Ordinaria;TEST005;En Mantenimiento;1986-11-15;1410;3.58977778;-74.70294444;Huila;Colombia;Area Operativa 04 - Huila-Caquetá;Magdalena Cauca;Alto Magdalena;Actualizada Tecnologia y Tipo de Transmision solicitada por el coordinador del AO. (01022023);0;;Río Cabrera;INSTITUTO DE HIDROLOGIA METEOROLOGIA Y ESTUDIOS AMBIENTALES;Alto Magdalena Huila -Tolima,RED ALERTAS - AREA OPERATIVA 04,;277.1841576
4204;21137030;21137030;417;PUENTE CARRETERA  - AUT [21137030];Limnigráfica;TEST005;Activa;1972-02-15;385;3.26341667;-75.25097222;Huila;Aipe;Area Operativa 04 - Huila-Caquetá;Magdalena Cauca;Alto Magdalena;Actualizada Tecnologia y Tipo de Transmision por solicitud del coordinador del AO. (01022023);Aipe;;Río Aipe, Río Chenche y otros directos al Magdalena;INSTITUTO DE HIDROLOGIA METEOROLOGIA Y ESTUDIOS AMBIENTALES;;206.8242633
4206;21057130;21057130;1954;RIO CHIQUITO [21057130];Limnigráfica;TEST005;En Mantenimiento;1994-03-15;1400;2.66572222;-75.77566667;Cauca;Páez (Belalcázar);Area Operativa 04 - Huila-Caquetá;Magdalena Cauca;Alto Magdalena;Actualizada Tecnologia y Tipo de Transmision por solicitud del coordinador del AO. (03022023);Negro;;Río Páez;INSTITUTO DE HIDROLOGIA METEOROLOGIA Y ESTUDIOS AMBIENTALES;;132.3630871
4212;51027020;51027020;1124;PILISPI [51027020];Limnimétrica;TEST005;En Mantenimiento;1980-04-15;1259;1.20608333;-77.98513889;Nariño;Ricaurte (Nariño);Area Operativa 07 - Nariño-Putumayo;Pacifico;Mira;Actualizada Tecnología y Tipo de Transmisión por solicitud del coordinador del AO. (14022023);Guiza;;Río Mira;INSTITUTO DE HIDROLOGIA METEOROLOGIA Y ESTUDIOS AMBIENTALES;Altiplano Nariñense-Pacifico,RED ALERTAS - AREA OPERATIVA 07,;185.2438121
4215;21057050;21057050;414;VEGA EL SALADO  - AUT [21057050];Limnigráfica;TEST005;En Mantenimiento;1971-06-15;1150;2.33144444;-75.94216667;Huila;La Plata;Area Operativa 04 - Huila-Caquetá;Magdalena Cauca;Alto Magdalena;Actualizado Tecnologia y Tipo de Transmision por solicitud del coordinador del AO. (01022023);La Plata;;Río Páez;INSTITUTO DE HIDROLOGIA METEOROLOGIA Y ESTUDIOS AMBIENTALES;;114.7094339
4216;46035010;46035010;293;MAGUARE - AUT [46035010];Climática Ordinaria;TEST005;En Mantenimiento;1967-10-15;270;1.64022222;-75.16266667;Caquetá;El Doncello;Area Operativa 04 - Huila-Caquetá;Amazonas;Caguán;Actualizada Tecnologia y Tipo de Transmision por solicitud del coordinador del AO. (03022023) ;0;;Río Guayas;INSTITUTO DE HIDROLOGIA METEOROLOGIA Y ESTUDIOS AMBIENTALES;Radiación Ultravioleta,Radiación Visible,;221.9684667
4217;51027050;51027050;1123;PIPIGUAY [51027050];Limnigráfica;TEST005;Activa;1980-11-15;420;1.23694444;-78.09722222;Nariño;Ricaurte (Nariño);Area Operativa 07 - Nariño-Putumayo;Pacifico;Mira;Actualizada Tecnologia. Tipo de Transmision y Estado por solicitud del coordinador del AO.(14022021);Guiza;;Río Mira;INSTITUTO DE HIDROLOGIA METEOROLOGIA Y ESTUDIOS AMBIENTALES;;190.6934357
4229;26085170;26085170;21;BASE AEREA MARCO FIDEL SUAREZ  - AUT [26085170];Climática Principal;TEST005;En Mantenimiento;2006-11-23;975;3.36041667;-76.29972222;Valle del Cauca;Florida;Area Operativa 09 - Cauca-Valle-Caldas;Magdalena Cauca;Cauca;Por REQ2021-000578 Se hacen ajustes solicitados por la Coordinadora del AO 09.|25/08/2022$Migracion$Se Cambia Estado por orden de la Coordinación de Planeacion Operativa Decisión tomada en la Reunión de la RED 19/08/2022;0;;Río Guachal (Bolo - Fraile y Párraga);INSTITUTO DE HIDROLOGIA METEOROLOGIA Y ESTUDIOS AMBIENTALES;Radiación Ultravioleta,Radiación Visible,;118.4553231
4235;26115090;26115090;31;LAS BRISAS - AUT [26115090];Climática Principal;TEST005;En Mantenimiento;2005-06-30;1971;4.77558333;-76.14427778;Valle del Cauca;Argelia (Valle del cauca);Area Operativa 09 - Cauca-Valle-Caldas;Pacifico;San Juán;Por REQ2021-000578 Se hacen ajustes solicitados por la Coordinadora del AO 09.|25/08/2022$Migracion$Se Cambia Estado por orden de la Coordinación de Planeacion Operativa Decisión tomada en la Reunión de la RED 19/08/2022;0;;Río Sipí;INSTITUTO DE HIDROLOGIA METEOROLOGIA Y ESTUDIOS AMBIENTALES;Radiación Ultravioleta,Radiación Visible,;265.7284883
4237;2612500038;2612500038;413;CRQ ARMENIA - AUT    [2612500038];Climática Principal;TEST005;En Mantenimiento;2017-07-05;1511;4.55633333;-75.66955556;Quindío;Circasia;Area Operativa 09 - Cauca-Valle-Caldas;Magdalena Cauca;Cauca;Solicitado mediante correo electrónico del 20180704|26/08/2022$Migracion$Se Cambia Estado por orden de la Coordinación de Planeacion Operativa Decisión tomada en la Reunión de la RED 19/08/2022;0;;Río La Vieja;INSTITUTO DE HIDROLOGIA METEOROLOGIA Y ESTUDIOS AMBIENTALES;;267.123661
4239;2613700156;2613700156;403;PUERTO CALDAS - AUT   [2613700156];Limnigráfica;Automática con Telemetría;En Mantenimiento;2018-03-08;896;4.81411389;-75.91796111;RIsaralda;Pereira;Area Operativa 09 - Cauca-Valle-Caldas;Magdalena Cauca;Cauca;Por REQ2021-000578 Se hacen ajustes solicitados por la Coordinadora del AO 09.|26/08/2022$Migracion$Se Cambia Estado por orden de la Coordinación de Planeacion Operativa Decisión tomada en la Reunión de la RED 19/08/2022;Cauca;;Río Otún y otros directos al Cauca;INSTITUTO DE HIDROLOGIA METEOROLOGIA Y ESTUDIOS AMBIENTALES;;279.1406381
4241;21017030;21017030;289;CASCADA SIMON BOLIVAR  - AUT [21017030];Limnigráfica;TEST005;En Mantenimiento;1971-04-15;1272;1.8735;-76.23172222;Huila;Isnos;Area Operativa 04 - Huila-Caquetá;Magdalena Cauca;Alto Magdalena;Actializada Tecnologia y Tipo de Transmision por solicitud del coordinador del AO. (01022023);Magdalena;;Alto Magdalena;INSTITUTO DE HIDROLOGIA METEOROLOGIA Y ESTUDIOS AMBIENTALES;;107.6538856
4251;2629700151;2629700151;407;LA VORAGINE - AUT   [2629700151];Limnigráfica;Automática con Telemetría;En Mantenimiento;2017-05-01;1239;3.34630556;-76.58933333;Valle del Cauca;Cali;Area Operativa 09 - Cauca-Valle-Caldas;Magdalena Cauca;Cauca;Solicitado mediante correo electrónico por Jorge A. González, coordinador área operativa 11|26/08/2022$Migracion$Se Cambia Estado por orden de la Coordinación de Planeacion Operativa Decisión tomada en la Reunión de la RED 19/08/2022;Pance;;Ríos Claro y Jamundí;INSTITUTO DE HIDROLOGIA METEOROLOGIA Y ESTUDIOS AMBIENTALES;;100.3884433
4252;2636700098;2636700098;419;HACIENDA LA GRACIOSA - AUT   [2636700098];Limnigráfica;Automática con Telemetría;Activa;2017-11-28;1005;4.2398;-76.04924722;Valle del Cauca;Bugalagrande;Area Operativa 09 - Cauca-Valle-Caldas;Magdalena Cauca;Cauca;Solicitado mediante correo electrónico|26/08/2022$Migracion$Se Cambia Estado por orden de la Coordinación de Planeacion Operativa Decisión tomada en la Reunión de la RED 19/08/2022;1247;;Río Paila;INSTITUTO DE HIDROLOGIA METEOROLOGIA Y ESTUDIOS AMBIENTALES;;215.6405904
4255;2611700158;2611700158;406;RIO FRIO - AUT   [2611700158];Limnigráfica;Automática con Telemetría;En Mantenimiento;2017-10-11;940;4.15219444;-76.29008056;Valle del Cauca;Riofrío;Area Operativa 09 - Cauca-Valle-Caldas;Magdalena Cauca;Cauca;Solicitado mediante correo electrónico por Jorge A. González, coordinador área operativa 11|26/08/2022$Migracion$Se Cambia Estado por orden de la Coordinación de Planeacion Operativa Decisión tomada en la Reunión de la RED 19/08/2022;Frio;;Río Frío;INSTITUTO DE HIDROLOGIA METEOROLOGIA Y ESTUDIOS AMBIENTALES;;195.5067186
4256;54057010;54057010;1658;NOANAMA ASERRIO [54057010];Limnigráfica;Automática con Telemetría;En Mantenimiento;1975-03-15;36;4.67;-76.93;Chocó;Medio San Juan;Area Operativa 09 - Cauca-Valle-Caldas;Pacifico;San Juán;Estación Recategorizada por solicitud Coordinadora AO.|26/08/2022$Migracion$Se Cambia Estado por orden de la Coordinación de Planeacion Operativa Decisión tomada en la Reunión de la RED 19/08/2022|26/08/2022$Migracion$Estación Recategorizada por solicitud Coordinadora AO.|26/08/2022$Migracion$Se Cambia Estado por orden de la Coordinación de Planeacion Operativa Decisión tomada en la Reunión de la RED 19/08/2022;San Juan;;Río Capoma y otros directos al San Juan;INSTITUTO DE HIDROLOGIA METEOROLOGIA Y ESTUDIOS AMBIENTALES;;238.371079
4269;52017100;52017100;398;PUENTE CARRETERA [52017100] ;Limnigráfica;TEST005;En Mantenimiento;1994-10-15;918;2.35633333;-76.84863889;Cauca;El Tambo (Cauca);Area Operativa 09 - Cauca-Valle-Caldas;Pacifico;Patía;Por REQ2021-000578 Se hacen ajustes solicitados por la Coordinadora del AO 09.|26/08/2022$Migracion$Se Cambia Estado por orden de la Coordinación de Planeacion Operativa Decisión tomada en la Reunión de la RED 19/08/2022|26/08/2022$Migracion$Por REQ2021-000578 Se hacen ajustes solicitados por la Coordinadora del AO 09.|26/08/2022$Migracion$Se Cambia Estado por orden de la Coordinación de Planeacion Operativa Decisión tomada en la Reunión de la RED 19/08/2022;Timbio;;Río Patia Alto;INSTITUTO DE HIDROLOGIA METEOROLOGIA Y ESTUDIOS AMBIENTALES;;21.49851814
4306;21215150;21215150;120;NEVADO DEL TOLIMA  - AUT [21215150];Climática Principal;Automática con Telemetría;En Mantenimiento;2005-10-18;4635;4.67077778;-75.32777778;Tolima;Anzoátegui;Area Operativa 10 - Tolima;Magdalena Cauca;Alto Magdalena;Cambio de tecnología por instalación o repotenciación de estaciones proyecto Fondo de Adaptación|25/08/2022$Migracion$Se Cambia Estado por orden de la Coordinación de Planeacion Operativa Decisión tomada en la Reunión de la RED 19/08/2022|30/09/2022$Migracion$Cambio de tecnología por instalación o repotenciación de estaciones proyecto Fondo de Adaptación|25/08/2022$Migracion$Se Cambia Estado por orden de la Coordinación de Planeacion Operativa Decisión tomada en la Reunión de la RED 19/08/2022;0;;Río Totare;INSTITUTO DE HIDROLOGIA METEOROLOGIA Y ESTUDIOS AMBIENTALES;;299.1897698
4311;44017120;44017120;273;PIEDRA LISA II  - AUT [44017120];Limnigráfica;TEST005;En Mantenimiento;1997-07-15;723;1.21361111;-76.66102778;Putumayo;Mocoa;Area Operativa 07 - Nariño-Putumayo;Amazonas;Caquetá;Cambio de tecnología por instalación o repotenciación de estaciones proyecto Fondo de Adaptación|26/08/2022$Migracion$Se Cambia Estado por orden de la Coordinación de Planeacion Operativa Decisión tomada en la Reunión de la RED 19/08/2022|30/09/2022$Migracion$Cambio de tecnología por instalación o repotenciación de estaciones proyecto Fondo de Adaptación|26/08/2022$Migracion$Se Cambia Estado por orden de la Coordinación de Planeacion Operativa Decisión tomada en la Reunión de la RED 19/08/2022;Mocoa;;Alto Caqueta;INSTITUTO DE HIDROLOGIA METEOROLOGIA Y ESTUDIOS AMBIENTALES;;148.1093651
4313;44017110;44017110;245;ANDAQUI  - AUT [44017110];Limnigráfica;TEST005;En Mantenimiento;1983-04-15;460;1.05091667;-76.54888889;Putumayo;Mocoa;Area Operativa 07 - Nariño-Putumayo;Amazonas;Caquetá;Cambio de tecnología por instalación o repotenciación de estaciones proyecto Fondo de Adaptación|26/08/2022$Migracion$Se Cambia Estado por orden de la Coordinación de Planeacion Operativa Decisión tomada en la Reunión de la RED 19/08/2022|26/08/2022$Migracion$Cambio de tecnología por instalación o repotenciación de estaciones proyecto Fondo de Adaptación|26/08/2022$Migracion$Se Cambia Estado por orden de la Coordinación de Planeacion Operativa Decisión tomada en la Reunión de la RED 19/08/2022|30/09/2022$Migracion$Cambio de tecnología por instalación o repotenciación de estaciones proyecto Fondo de Adaptación|26/08/2022$Migracion$Se Cambia Estado por orden de la Coordinación de Planeacion Operativa Decisión tomada en la Reunión de la RED 19/08/2022|26/08/2022$Migracion$Cambio de tecnología por instalación o repotenciación de estaciones proyecto Fondo de Adaptación|26/08/2022$Migracion$Se Cambia Estado por orden de la Coordinación de Planeacion Operativa Decisión tomada en la Reunión de la RED 19/08/2022;Caqueta;;Alto Caqueta;INSTITUTO DE HIDROLOGIA METEOROLOGIA Y ESTUDIOS AMBIENTALES;;168.6347362
4321;21037020;21037020;337;SAN MARCOS  - AUT [21037020];Limnigráfica;TEST005;En Mantenimiento;1971-04-15;1291;1.75227778;-75.94541667;Huila;Acevedo;Area Operativa 04 - Huila-Caquetá;Magdalena Cauca;Alto Magdalena;"Actualizada Tecnologia y Tipo de Transmision por solicitud del coordinador del AO. (01022023)
Actualizada categoria de LM a LG por solicitud de la coordinadora del AO. (28022023)";Suaza;;Río Suaza;INSTITUTO DE HIDROLOGIA METEOROLOGIA Y ESTUDIOS AMBIENTALES;;140.8456316
4365;21105040;21105040;2106;POTOSI HACIENDA [21105040];Pluviométrica;TEST005;Activa;1986-12-15;680;2.69680556;-75.29888889;Huila;Campoalegre;Area Operativa 04 - Huila-Caquetá;Magdalena Cauca;Alto Magdalena;23/11/2022$Migracion$Por solicitud de la coordinadora del AO. A partir de la fecha cambio de categoria a PM.;0;;Rio Neiva;INSTITUTO DE HIDROLOGIA METEOROLOGIA Y ESTUDIOS AMBIENTALES;;185.4361694
4403;21015070;21015070;76;LOS GUACHAROS  - AUT [21015070];Climática Principal;Automática con Telemetría;En Mantenimiento;2005-07-25;1590;1.675833;-76.106841;Huila;Palestina (Huila);Area Operativa 04 - Huila-Caquetá;Magdalena Cauca;Alto Magdalena;Cambio de tecnología por instalación o repotenciación de estaciones proyecto Fondo de Adaptación|25/08/2022$Migracion$Se Cambia Estado por orden de la Coordinación de Planeacion Operativa Decisión tomada en la Reunión de la RED 19/08/2022|30/09/2022$Migracion$Cambio de tecnología por instalación o repotenciación de estaciones proyecto Fondo de Adaptación|25/08/2022$Migracion$Se Cambia Estado por orden de la Coordinación de Planeacion Operativa Decisión tomada en la Reunión de la RED 19/08/2022;0;;Alto Magdalena;INSTITUTO DE HIDROLOGIA METEOROLOGIA Y ESTUDIOS AMBIENTALES;Radiación Ultravioleta,Radiación Visible,;132.7600596
4408;21115170;21115170;144;LA PLATA - AUT [21115170];Climática Principal;TEST005;En Mantenimiento;2005-07-20;2101;2.75913889;-75.07455556;Huila;Neiva;Area Operativa 04 - Huila-Caquetá;Magdalena Cauca;Alto Magdalena;Actualizada Tecnologia y Tipo de Transmision por solicitud del coordinador del AO.(01022023);0;;Rio Fortalecillas y otros;INSTITUTO DE HIDROLOGIA METEOROLOGIA Y ESTUDIOS AMBIENTALES;Radiación Ultravioleta,Radiación Visible,;211.0114939
4412;44037080;44037080;347;MORELIA  - AUT [44037080];Limnigráfica;TEST005;Activa;1971-03-15;253;1.49733333;-75.72497222;Caquetá;Morelia;Area Operativa 04 - Huila-Caquetá;Amazonas;Caquetá;Actualizada Tecnologia y Tipo de Transmision por solicitud del coordinador del AO. (02022023);Bodoquero;;Río Orteguaza;INSTITUTO DE HIDROLOGIA METEOROLOGIA Y ESTUDIOS AMBIENTALES;;177.591101
4417;21127030;21127030;288;SANTA MARIA  - AUT [21127030];Limnigráfica;TEST005;En Mantenimiento;1971-09-15;1270;2.97177778;-75.59244444;Huila;Santa María (Huila);Area Operativa 04 - Huila-Caquetá;Magdalena Cauca;Alto Magdalena;Actializada Tecnologia y Tipo de Transmision por solicitud del coordinador del AO. (01022023);Bache;;Río Baché;INSTITUTO DE HIDROLOGIA METEOROLOGIA Y ESTUDIOS AMBIENTALES;;159.8106392
4421;47015100;47015100;344;EL ENCANO - AUT [47015100];Climática Principal;Automática con Telemetría;Activa;1984-09-15;2830;1.15994444;-77.16147222;Nariño;Pasto;Area Operativa 07 - Nariño-Putumayo;Amazonas;Putumayo;Cambio de tecnología por instalación o repotenciación de estaciones proyecto Fondo de Adaptación;0;;Alto Río Putumayo;INSTITUTO DE HIDROLOGIA METEOROLOGIA Y ESTUDIOS AMBIENTALES;Altiplano Nariñense-Pacifico,RED ALERTAS - AREA OPERATIVA 07,;152.1526416
4422;52040050;52040050;345;APONTE [52040050];Pluviométrica;TEST005;En Mantenimiento;1972-08-15;1800;1.39733333;-77.03052778;Nariño;El Tablón;Area Operativa 07 - Nariño-Putumayo;Pacifico;Patía;Actualizada Tecnología. Tipo de Transmisión y Estado por solicitud del coordinador del AO. (14022023);0;;Río Juananbú;INSTITUTO DE HIDROLOGIA METEOROLOGIA Y ESTUDIOS AMBIENTALES;Altiplano Nariñense-Pacifico,RED ALERTAS - AREA OPERATIVA 07,;124.3890532
4423;52055230;52055230;1988;AEROPUERTO SAN LUIS - AUT [52055230];Sinóptica Principal;TEST005;Activa;1997-11-06;2961;0.85708333;-77.67775;Nariño;Aldana;Area Operativa 07 - Nariño-Putumayo;Pacifico;Patía;;0;;Río Guáitara;INSTITUTO DE HIDROLOGIA METEOROLOGIA Y ESTUDIOS AMBIENTALES;Colombia,Radiación Ultravioleta,Radiación Visible,;200.863991
4424;52077010;52077010;162;PUENTE PUSMEO - AUT [52077010];Limnigráfica;TEST005;En Mantenimiento;1965-09-15;380;1.62405556;-77.47891667;Nariño;Cumbitara;Area Operativa 07 - Nariño-Putumayo;Pacifico;Patía;22/08/2022$Migracion$Se Cambia Estado por orden de la Coordinación de Planeacion Operativa Decisión tomada en la Reunión de la RED 19/08/2022|30/09/2022$Migracion$22/08/2022$Migracion$Se Cambia Estado por orden de la Coordinación de Planeacion Operativa Decisión tomada en la Reunión de la RED 19/08/2022;Patia;;Río Patia Medio;INSTITUTO DE HIDROLOGIA METEOROLOGIA Y ESTUDIOS AMBIENTALES;RED ALERTAS - AREA OPERATIVA 07,;114.9248419
4425;44017070;44017070;278;SANTA ROSA  - AUT [44017070];Limnigráfica;TEST005;En Mantenimiento;1980-12-15;1620;1.705;-76.56222222;Cauca;Santa Rosa (Cauca);Area Operativa 07 - Nariño-Putumayo;Amazonas;Caquetá;Cambio de tecnología por instalación o repotenciación de estaciones proyecto Fondo de Adaptación|25/08/2022$Migracion$Se Cambia Estado por orden de la Coordinación de Planeacion Operativa Decisión tomada en la Reunión de la RED 19/08/2022|30/09/2022$Migracion$Cambio de tecnología por instalación o repotenciación de estaciones proyecto Fondo de Adaptación|25/08/2022$Migracion$Se Cambia Estado por orden de la Coordinación de Planeacion Operativa Decisión tomada en la Reunión de la RED 19/08/2022;Caqueta;;Alto Caqueta;INSTITUTO DE HIDROLOGIA METEOROLOGIA Y ESTUDIOS AMBIENTALES;Altiplano Nariñense-Pacifico,RED ALERTAS - AREA OPERATIVA 07,;100.1110826
4428;51035020;51035020;341;CCCP DL PACIFICO [51035020];Climática Principal;TEST005;En Mantenimiento;1991-09-15;1;1.81916667;-78.73;Nariño;Tumaco;Area Operativa 07 - Nariño-Putumayo;Pacifico;Mira;;0;;Río Rosario;INSTITUTO DE HIDROLOGIA METEOROLOGIA Y ESTUDIOS AMBIENTALES;;212.5615919
4446;54020020;54020020;1663;NOVITA [54020020];Climática Ordinaria;Automática con Telemetría;En Mantenimiento;1966-03-15;71;4.95569444;-76.60555556;Chocó;Nóvita;Area Operativa 09 - Cauca-Valle-Caldas;Pacifico;San Juán;Por REQ2021-000578 Se hacen ajustes solicitados por la Coordinadora del AO 09.|26/08/2022$Migracion$Se Cambia Estado por orden de la Coordinación de Planeacion Operativa Decisión tomada en la Reunión de la RED 19/08/2022;0;;Río Tamaná y otros Directos San Juan;INSTITUTO DE HIDROLOGIA METEOROLOGIA Y ESTUDIOS AMBIENTALES;;272.7394533
4448;5311500147;5311500147;1301;INFANTERIA MARINA [5311500147];Meteorológica Especial;Automática con Telemetría;En Mantenimiento;2019-12-13;7;3.89008333;-77.07033056;Valle del Cauca;Buenaventura;Area Operativa 09 - Cauca-Valle-Caldas;Pacifico;Tapaje - Dagua - Directos;IDEAM adquiere e instala dos estaciones para el monitoreo de la calidad del aire en la ciudad de Buenaventura.|13/05/2022$Migracion$IDEAM adquiere e instala dos estaciones para el monitoreo de la calidad del aire en la ciudad de Buenaventura.|28/09/2022$Migracion$Por solicitud del Coordinador de PO. Actualizacion Fuente Generadora de Datos (IDEAM);Dagua;;Dagua - Buenaventura - Bahia Málaga;INSTITUTO DE HIDROLOGIA METEOROLOGIA Y ESTUDIOS AMBIENTALES;;152.5229962
4450;26015030;26015030;148;PNN PURACE - AUT [26015030];Climática Principal;TEST005;En Mantenimiento;2007-09-26;3683;2.35684889;-76.40354444;Cauca;Puracé (Coconuco);Area Operativa 09 - Cauca-Valle-Caldas;Magdalena Cauca;Cauca;Por REQ2021-000578 Se hacen ajustes solicitados por la Coordinadora del AO 09.;0;;Alto Río Cauca;INSTITUTO DE HIDROLOGIA METEOROLOGIA Y ESTUDIOS AMBIENTALES;;64.01726833
4453;22045010;22045010;59;DEMOSTRACION GRANJA  - AUT [22045010];Climática Ordinaria;TEST005;En Mantenimiento;1964-09-15;908;3.72244444;-75.50344444;Tolima;Chaparral;Area Operativa 10 - Tolima;Magdalena Cauca;Saldaña;Cambio de tecnología por instalación o repotenciación de estaciones proyecto Fondo de Adaptación|25/08/2022$Migracion$Se Cambia Estado por orden de la Coordinación de Planeacion Operativa Decisión tomada en la Reunión de la RED 19/08/2022;0;;Río Tetuán, Río Ortega;INSTITUTO DE HIDROLOGIA METEOROLOGIA Y ESTUDIOS AMBIENTALES;Alto Magdalena Huila -Tolima,RED ALERTAS - AREA OPERATIVA 10,;209.4512466
4455;21035040;21035040;2101;LIBANO EL [21035040];Climática Ordinaria;TEST005;Activa;1985-12-15;1045;1.87;-75.83;Huila;Suaza;Area Operativa 04 - Huila-Caquetá;Magdalena Cauca;Alto Magdalena;"Correccion Altura Solicitada Sg. REQ2020-003644
Actualizada Tecnologia y Tipo de Transmision por solicitud de la Coordinadora del AO. (17032023)";0;;Río Suaza;INSTITUTO DE HIDROLOGIA METEOROLOGIA Y ESTUDIOS AMBIENTALES;;144.4026391
4456;21045010;21045010;2102;BETULIA LA [21045010];Pluviométrica;TEST005;Activa;1985-12-15;780;2.28158333;-75.70508333;Huila;Agrado;Area Operativa 04 - Huila-Caquetá;Magdalena Cauca;Alto Magdalena;"23/11/2022$Migracion$Por solicitud de la coordinadora del AO. A partir de la fecha cambio de categoría a PM.
Actualizada Tecnologia y Tipo de Transmision por solicitud de la coordinadora del AO. (17032023)(";0;;Ríos Directos al Magdalena (mi);INSTITUTO DE HIDROLOGIA METEOROLOGIA Y ESTUDIOS AMBIENTALES;;141.6551132
4457;21105050;21105050;2107;ROSALES LOS [21105050];Pluviométrica;TEST005;Activa;1973-12-15;553;2.60305556;-75.41833333;Huila;Campoalegre;Area Operativa 04 - Huila-Caquetá;Magdalena Cauca;Alto Magdalena;"04/02/2022$Migracion$REQ 2022-000020 la coordinadora del AO 04 solicita suspensión de 3 estaciones del catalogo nacional de estaciones por no contar con observador.|25/02/2022$Migracion$04/02/2022$Migracion$REQ 2022-000020 la coordinadora del AO 04 solicita suspensión de 3 estaciones del catalogo nacional de estaciones por no contar con observador.|23/11/2022$Migracion$Por solicitud de la coordinadora del AO. A partir de la fecha cambio de categoria a PM
Actualizada Tecnologia y Tipo de Transmision por solicitud de la coordinadora del AO. (17032023)";0;2022-02-04 10:38;Rio Neiva;INSTITUTO DE HIDROLOGIA METEOROLOGIA Y ESTUDIOS AMBIENTALES;;171.3584034
4458;21115100;21115100;2108;PALACIO-VEGALARGA [21115100];Climática Ordinaria;TEST005;Activa;1971-10-15;1100;2.94263889;-75.06638889;Huila;Neiva;Area Operativa 04 - Huila-Caquetá;Magdalena Cauca;Alto Magdalena;Actualizada Tecnología y Tipo de Transmisión por solicitud de la coordinadora del AO. (17032023) ;0;;Rio Fortalecillas y otros;INSTITUTO DE HIDROLOGIA METEOROLOGIA Y ESTUDIOS AMBIENTALES;Alto Magdalena Huila -Tolima,RED ALERTAS - AREA OPERATIVA 04,;215.3979902
4459;21125010;21125010;2109;SANTA MARIA [21125010];Pluviométrica;TEST005;Activa;1971-09-15;1300;2.93569444;-75.58905556;Huila;Santa María (Huila);Area Operativa 04 - Huila-Caquetá;Magdalena Cauca;Alto Magdalena;"23/11/2022$Migracion$Por solicitud de la coordinadora del AO. A partir de la fecha cambio de categoria a PM|23/11/2022$Migracion$Por solicitud de la Coordinadora del AO. A partir de la fecha la estación se retira de la Red de Alertas
Actualizada Tecnologia y Tipo de Transmision por solicitud de la coordinadora del AO. (17032023)";0;;Río Baché;INSTITUTO DE HIDROLOGIA METEOROLOGIA Y ESTUDIOS AMBIENTALES;Alto Magdalena Huila -Tolima,RED ALERTAS - AREA OPERATIVA 04,;158.9634611
4460;21050060;21050060;2103;ARGENTINA LA [21050060];Pluviométrica;TEST005;Activa;1958-12-15;1500;2.19905556;-75.97227778;Huila;La Argentina;Area Operativa 04 - Huila-Caquetá;Magdalena Cauca;Alto Magdalena;Actualizada Tecnologia y Tipo de Transmision por solicitud de la coordinadora del AO. (17032023);0;;Río Páez;INSTITUTO DE HIDROLOGIA METEOROLOGIA Y ESTUDIOS AMBIENTALES;;115.0392828
4461;21140120;21140120;2112;CRUCES LAS [21140120];Pluviométrica;TEST005;Activa;1974-10-15;1400;3.42586111;-74.92025;Tolima;Alpujarra;Area Operativa 04 - Huila-Caquetá;Magdalena Cauca;Alto Magdalena;Actualizada Tecnologia y Tipo de Transmision por solicitud de la coordinadora del AO. (17032023);0;;Río Cabrera;INSTITUTO DE HIDROLOGIA METEOROLOGIA Y ESTUDIOS AMBIENTALES;Alto Magdalena Huila -Tolima,RED ALERTAS - AREA OPERATIVA 04,;247.6926221
4462;22077050;22077050;455;PIJAITO  - AUT [22077050];Limnigráfica;TEST005;En Mantenimiento;1992-09-15;762;4.15038889;-75.306;Tolima;Rovira;Area Operativa 10 - Tolima;Magdalena Cauca;Saldaña;Cambio de tecnología por instalación o repotenciación de estaciones proyecto Fondo de Adaptación|25/08/2022$Migracion$Se Cambia Estado por orden de la Coordinación de Planeacion Operativa Decisión tomada en la Reunión de la RED 19/08/2022;Chili;;Rïo Cucuana;INSTITUTO DE HIDROLOGIA METEOROLOGIA Y ESTUDIOS AMBIENTALES;;257.4731155
4463;22057060;22057060;428;LA MURALLA - AUT [22057060];Limnigráfica;TEST005;En Mantenimiento;1964-10-15;536;3.48136111;-75.46697222;Tolima;Ataco;Area Operativa 10 - Tolima;Magdalena Cauca;Saldaña;Cambio de tecnología por instalación o repotenciación de estaciones proyecto Fondo de Adaptación|25/08/2022$Migracion$Se Cambia Estado por orden de la Coordinación de Planeacion Operativa Decisión tomada en la Reunión de la RED 19/08/2022;Saldana;;Medio Saldaña;INSTITUTO DE HIDROLOGIA METEOROLOGIA Y ESTUDIOS AMBIENTALES;;196.9793525
4481;2602700148;2602700148;405;CAUCA ALTO - AUT   [2602700148];Limnigráfica;TEST005;En Mantenimiento;2017-04-29;1258;2.69654;-76.753661;Cauca;Cajibío;Area Operativa 09 - Cauca-Valle-Caldas;Magdalena Cauca;Cauca;"Solicitado mediante correo electrónico por Jorge A. González, coordinador área operativa 11|26/08/2022$Migracion$Se Cambia Estado por orden de la Coordinación de Planeacion Operativa Decisión tomada en la Reunión de la RED 19/08/2022
Ajustadas coordenadas por solicitud del coordinador del AO. (21042023)";Cauca;;Río Palacé;INSTITUTO DE HIDROLOGIA METEOROLOGIA Y ESTUDIOS AMBIENTALES;;29.95878349
4487;2604500039;2604500039;56;CORINTO - AUT  [2604500039];Climática Principal;TEST005;En Mantenimiento;2017-12-20;1036;3.18;-76.25;Cauca;Corinto;Area Operativa 09 - Cauca-Valle-Caldas;Magdalena Cauca;Cauca;Por REQ2021-000578 Se hacen ajustes solicitados por la Coordinadora del AO 09.;0;;Río Palo;INSTITUTO DE HIDROLOGIA METEOROLOGIA Y ESTUDIOS AMBIENTALES;;107.4404856
4489;44015070;44015070;137;EL PEPINO - AUT [44015070];Climática Principal;TEST005;En Mantenimiento;2005-11-11;760;1.08288889;-76.66711111;Putumayo;Mocoa;Area Operativa 07 - Nariño-Putumayo;Amazonas;Caquetá;22/08/2022$Migracion$Se Cambia Estado por orden de la Coordinación de Planeacion Operativa Decisión tomada en la Reunión de la RED 19/08/2022|30/09/2022$Migracion$22/08/2022$Migracion$Se Cambia Estado por orden de la Coordinación de Planeacion Operativa Decisión tomada en la Reunión de la RED 19/08/2022;0;;Alto Caqueta;INSTITUTO DE HIDROLOGIA METEOROLOGIA Y ESTUDIOS AMBIENTALES;Radiación Ultravioleta,Radiación Visible,;162.1212563
4493;21097120;21097120;294;LA ESPERANZA - AUT [21097120];Limnigráfica;TEST005;En Mantenimiento;1993-11-15;460;2.72841667;-75.39638889;Huila;Palermo;Area Operativa 04 - Huila-Caquetá;Magdalena Cauca;Alto Magdalena;Actualizada Tecnologia y Tipo de Transmision por solicitud del coordinador del AO. (01022023);Magdalena;;Juncal y otros Rios directos al Magdalena;INSTITUTO DE HIDROLOGIA METEOROLOGIA Y ESTUDIOS AMBIENTALES;Alto Magdalena Huila -Tolima,;175.0880185
4494;47017070;47017070;329;EL EDEN - AUT [47017070];Limnigráfica;TEST005;En Mantenimiento;1970-02-15;1450;1.10630556;-76.985;Putumayo;Santiago (Putumayo);Area Operativa 07 - Nariño-Putumayo;Amazonas;Putumayo;Cambio de tecnología por instalación o repotenciación de estaciones proyecto Fondo de Adaptación|25/08/2022$Migracion$Se Cambia Estado por orden de la Coordinación de Planeacion Operativa Decisión tomada en la Reunión de la RED 19/08/2022|30/09/2022$Migracion$Cambio de tecnología por instalación o repotenciación de estaciones proyecto Fondo de Adaptación|25/08/2022$Migracion$Se Cambia Estado por orden de la Coordinación de Planeacion Operativa Decisión tomada en la Reunión de la RED 19/08/2022;Putumayo;;Alto Río Putumayo;INSTITUTO DE HIDROLOGIA METEOROLOGIA Y ESTUDIOS AMBIENTALES;Altiplano Nariñense-Pacifico,RED ALERTAS - AREA OPERATIVA 07,;156.3721037
